title,folder_name,url
'Ndrangheta,'Ndrangheta,https://en.wikipedia.org/w/index.php?title=%27Ndrangheta&oldid=1341668053
10th Street Gang,10th_Street_Gang,https://en.wikipedia.org/w/index.php?title=10th_Street_Gang&oldid=1341956387
110ers,110ers,https://en.wikipedia.org/w/index.php?title=110ers&oldid=1339076254
116th Street Crew,116th_Street_Crew,https://en.wikipedia.org/w/index.php?title=116th_Street_Crew&oldid=1308614930
14K (triad),14K_(triad),https://en.wikipedia.org/w/index.php?title=14K_(triad)&oldid=1344667508
18th Street gang,18th_Street_gang,https://en.wikipedia.org/w/index.php?title=18th_Street_gang&oldid=1345443298
2019 Western Michoacán clashes,2019_Western_Michoacán_clashes,https://en.wikipedia.org/w/index.php?title=2019_Western_Michoacán_clashes&oldid=1323989469
211 Crew,211_Crew,https://en.wikipedia.org/w/index.php?title=211_Crew&oldid=1337247542
31 Gang,31_Gang,https://en.wikipedia.org/w/index.php?title=31_Gang&oldid=1316988349
38th Street gang,38th_Street_gang,https://en.wikipedia.org/w/index.php?title=38th_Street_gang&oldid=1342297951
39ers gang,39ers_gang,https://en.wikipedia.org/w/index.php?title=39ers_gang&oldid=1339076334
7th Street Gang,7th_Street_Gang,https://en.wikipedia.org/w/index.php?title=7th_Street_Gang&oldid=1341956768
80 Blocks from Tiffany's,80_Blocks_from_Tiffany's,https://en.wikipedia.org/w/index.php?title=80_Blocks_from_Tiffany%27s&oldid=1339383520
856 gang,856_gang,https://en.wikipedia.org/w/index.php?title=856_gang&oldid=1339076383
AK81,AK81,https://en.wikipedia.org/w/index.php?title=AK81&oldid=1340497687
Abergil crime family,Abergil_crime_family,https://en.wikipedia.org/w/index.php?title=Abergil_crime_family&oldid=1341248552
Abner Zwillman,Abner_Zwillman,https://en.wikipedia.org/w/index.php?title=Abner_Zwillman&oldid=1332606564
Abu Sayyaf,Abu_Sayyaf,https://en.wikipedia.org/w/index.php?title=Abu_Sayyaf&oldid=1343462280
Africa Corps (Russia),Africa_Corps_(Russia),https://en.wikipedia.org/w/index.php?title=Africa_Corps_(Russia)&oldid=1343467780
Aggi Crew,Aggi_Crew,https://en.wikipedia.org/w/index.php?title=Aggi_Crew&oldid=1257779091
Ah Kong,Ah_Kong,https://en.wikipedia.org/w/index.php?title=Ah_Kong&oldid=1339076469
Aizukotetsu-kai,Aizukotetsu-kai,https://en.wikipedia.org/w/index.php?title=Aizukotetsu-kai&oldid=1291370544
Ajang Ajang group,Ajang_Ajang_group,https://en.wikipedia.org/w/index.php?title=Ajang_Ajang_group&oldid=1340013746
Al-Shabaab (militant group),Al-Shabaab_(militant_group),https://en.wikipedia.org/w/index.php?title=Al-Shabaab_(militant_group)&oldid=1344619330
Al-Zein crime family,Al-Zein_crime_family,https://en.wikipedia.org/w/index.php?title=Al-Zein_crime_family&oldid=1344287447
Al Indelicato,Al_Indelicato,https://en.wikipedia.org/w/index.php?title=Al_Indelicato&oldid=1332080316
Alameddine crime network,Alameddine_crime_network,https://en.wikipedia.org/w/index.php?title=Alameddine_crime_network&oldid=1345685575
Albanian Boys,Albanian_Boys,https://en.wikipedia.org/w/index.php?title=Albanian_Boys&oldid=1336995089
Albanian mafia,Albanian_mafia,https://en.wikipedia.org/w/index.php?title=Albanian_mafia&oldid=1343197337
Alfieri clan,Alfieri_clan,https://en.wikipedia.org/w/index.php?title=Alfieri_clan&oldid=1339076508
Alkhalil family,Alkhalil_family,https://en.wikipedia.org/w/index.php?title=Alkhalil_family&oldid=1344466905
Almighty Black P. Stone Nation,Almighty_Black_P._Stone_Nation,https://en.wikipedia.org/w/index.php?title=Almighty_Black_P._Stone_Nation&oldid=1339076523
Almighty Saints,Almighty_Saints,https://en.wikipedia.org/w/index.php?title=Almighty_Saints&oldid=1339076539
Almighty Vice Lord Nation,Almighty_Vice_Lord_Nation,https://en.wikipedia.org/w/index.php?title=Almighty_Vice_Lord_Nation&oldid=1340575562
Ambrose,Ambrose,https://en.wikipedia.org/w/index.php?title=Ambrose&oldid=1346144850
American Mafia,American_Mafia,https://en.wikipedia.org/w/index.php?title=American_Mafia&oldid=1340795453
Amigos dos Amigos,Amigos_dos_Amigos,https://en.wikipedia.org/w/index.php?title=Amigos_dos_Amigos&oldid=1314605876
Ang Soon Tong,Ang_Soon_Tong,https://en.wikipedia.org/w/index.php?title=Ang_Soon_Tong&oldid=1333163545
Angelo La Barbera,Angelo_La_Barbera,https://en.wikipedia.org/w/index.php?title=Angelo_La_Barbera&oldid=1341535754
Angiulo brothers,Angiulo_brothers,https://en.wikipedia.org/w/index.php?title=Angiulo_brothers&oldid=1339076548
Annihilators Motorcycle Club,Annihilators_Motorcycle_Club,https://en.wikipedia.org/w/index.php?title=Annihilators_Motorcycle_Club&oldid=1293066051
Anthony Spilotro,Anthony_Spilotro,https://en.wikipedia.org/w/index.php?title=Anthony_Spilotro&oldid=1340038038
Anti–money laundering,Anti–money_laundering,https://en.wikipedia.org/w/index.php?title=Anti–money_laundering&oldid=1341154094
Aprea-Cuccaro clan,Aprea-Cuccaro_clan,https://en.wikipedia.org/w/index.php?title=Aprea-Cuccaro_clan&oldid=1339076568
Arifs (gang),Arifs_(gang),https://en.wikipedia.org/w/index.php?title=Arifs_(gang)&oldid=1339076576
Armenian Power,Armenian_Power,https://en.wikipedia.org/w/index.php?title=Armenian_Power&oldid=1340540308
Armenian mafia,Armenian_mafia,https://en.wikipedia.org/w/index.php?title=Armenian_mafia&oldid=1339076581
Arnold Rothstein,Arnold_Rothstein,https://en.wikipedia.org/w/index.php?title=Arnold_Rothstein&oldid=1340167802
Artistas Asesinos,Artistas_Asesinos,https://en.wikipedia.org/w/index.php?title=Artistas_Asesinos&oldid=1339076599
Aryan Brotherhood,Aryan_Brotherhood,https://en.wikipedia.org/w/index.php?title=Aryan_Brotherhood&oldid=1344358482
Aryan Brotherhood of Texas,Aryan_Brotherhood_of_Texas,https://en.wikipedia.org/w/index.php?title=Aryan_Brotherhood_of_Texas&oldid=1344693396
Aryan Circle,Aryan_Circle,https://en.wikipedia.org/w/index.php?title=Aryan_Circle&oldid=1312369582
Aryan Nations,Aryan_Nations,https://en.wikipedia.org/w/index.php?title=Aryan_Nations&oldid=1345903487
Aryan Republican Army,Aryan_Republican_Army,https://en.wikipedia.org/w/index.php?title=Aryan_Republican_Army&oldid=1340332238
Ashkenazum,Ashkenazum,https://en.wikipedia.org/w/index.php?title=Ashkenazum&oldid=1319609044
Asian Boyz,Asian_Boyz,https://en.wikipedia.org/w/index.php?title=Asian_Boyz&oldid=1343896816
Aslan Usoyan,Aslan_Usoyan,https://en.wikipedia.org/w/index.php?title=Aslan_Usoyan&oldid=1340894055
Aston Villa Hardcore,Aston_Villa_Hardcore,https://en.wikipedia.org/w/index.php?title=Aston_Villa_Hardcore&oldid=1339076612
Avenues (gang),Avenues_(gang),https://en.wikipedia.org/w/index.php?title=Avenues_(gang)&oldid=1344607490
Azerbaijani mafia,Azerbaijani_mafia,https://en.wikipedia.org/w/index.php?title=Azerbaijani_mafia&oldid=1339076635
Azusa 13,Azusa_13,https://en.wikipedia.org/w/index.php?title=Azusa_13&oldid=1342297957
Bacchus Motorcycle Club,Bacchus_Motorcycle_Club,https://en.wikipedia.org/w/index.php?title=Bacchus_Motorcycle_Club&oldid=1339076659
Bacon Brothers (gangsters),Bacon_Brothers_(gangsters),https://en.wikipedia.org/w/index.php?title=Bacon_Brothers_(gangsters)&oldid=1346240041
Bahala Na Gang,Bahala_Na_Gang,https://en.wikipedia.org/w/index.php?title=Bahala_Na_Gang&oldid=1343808529
Bailey Boys,Bailey_Boys,https://en.wikipedia.org/w/index.php?title=Bailey_Boys&oldid=1328948021
Baltimore Crew,Baltimore_Crew,https://en.wikipedia.org/w/index.php?title=Baltimore_Crew&oldid=1339076681
Bamboo Union,Bamboo_Union,https://en.wikipedia.org/w/index.php?title=Bamboo_Union&oldid=1342838117
Banda della Magliana,Banda_della_Magliana,https://en.wikipedia.org/w/index.php?title=Banda_della_Magliana&oldid=1342097799
Bandidos MC criminal allegations and incidents,Bandidos_MC_criminal_allegations_and_incidents,https://en.wikipedia.org/wiki/Bandidos_MC_criminal_allegations_and_incidents
Bandidos MC criminal allegations and incidents in Australia,Bandidos_MC_criminal_allegations_and_incidents_in_Australia,https://en.wikipedia.org/wiki/Bandidos_MC_criminal_allegations_and_incidents_in_Australia
Bandidos MC criminal allegations and incidents in the United States,Bandidos_MC_criminal_allegations_and_incidents_in_the_United_States,https://en.wikipedia.org/wiki/Bandidos_MC_criminal_allegations_and_incidents_in_the_United_States
Bandidos Motorcycle Club,Bandidos_Motorcycle_Club,https://en.wikipedia.org/w/index.php?title=Bandidos_Motorcycle_Club&oldid=1337695562
Barrio Azteca,Barrio_Azteca,https://en.wikipedia.org/w/index.php?title=Barrio_Azteca&oldid=1321591249
Barriox13,Barriox13,https://en.wikipedia.org/w/index.php?title=Barriox13&oldid=1325437151
Barrow Gang,Barrow_Gang,https://en.wikipedia.org/w/index.php?title=Barrow_Gang&oldid=1306770590
Baybaşin family,Baybaşin_family,https://en.wikipedia.org/w/index.php?title=Baybaşin_family&oldid=1346354489
Beltrán-Leyva Organization,Beltrán-Leyva_Organization,https://en.wikipedia.org/w/index.php?title=Beltrán-Leyva_Organization&oldid=1340175993
Benson Syndicate,Benson_Syndicate,https://en.wikipedia.org/w/index.php?title=Benson_Syndicate&oldid=1310203006
Bergin Hunt and Fish Club,Bergin_Hunt_and_Fish_Club,https://en.wikipedia.org/w/index.php?title=Bergin_Hunt_and_Fish_Club&oldid=1329683547
Big Circle Gang,Big_Circle_Gang,https://en.wikipedia.org/w/index.php?title=Big_Circle_Gang&oldid=1343832268
Bing Kong Tong,Bing_Kong_Tong,https://en.wikipedia.org/w/index.php?title=Bing_Kong_Tong&oldid=1299041243
Birmingham Boys,Birmingham_Boys,https://en.wikipedia.org/w/index.php?title=Birmingham_Boys&oldid=1339076818
Birmingham Zulu Warriors,Birmingham_Zulu_Warriors,https://en.wikipedia.org/w/index.php?title=Birmingham_Zulu_Warriors&oldid=1339076827
Black Axe (confraternity),Black_Axe_(confraternity),https://en.wikipedia.org/w/index.php?title=Black_Axe_(confraternity)&oldid=1344731546
Black Cobra (gang),Black_Cobra_(gang),https://en.wikipedia.org/w/index.php?title=Black_Cobra_(gang)&oldid=1339076836
Black Diamond Riders Motorcycle Club,Black_Diamond_Riders_Motorcycle_Club,https://en.wikipedia.org/wiki/Black_Diamond_Riders_Motorcycle_Club
Black Disciples,Black_Disciples,https://en.wikipedia.org/w/index.php?title=Black_Disciples&oldid=1344763580
Black Dragons (gang),Black_Dragons_(gang),https://en.wikipedia.org/w/index.php?title=Black_Dragons_(gang)&oldid=1339076854
Black Eagles,Black_Eagles,https://en.wikipedia.org/w/index.php?title=Black_Eagles&oldid=1342997996
Black Guerrilla Family,Black_Guerrilla_Family,https://en.wikipedia.org/w/index.php?title=Black_Guerrilla_Family&oldid=1329257506
Black Jackets,Black_Jackets,https://en.wikipedia.org/w/index.php?title=Black_Jackets&oldid=1329364033
Black Mafia,Black_Mafia,https://en.wikipedia.org/w/index.php?title=Black_Mafia&oldid=1346356836
Black Mafia Family,Black_Mafia_Family,https://en.wikipedia.org/w/index.php?title=Black_Mafia_Family&oldid=1339540839
Black Pistons Motorcycle Club,Black_Pistons_Motorcycle_Club,https://en.wikipedia.org/w/index.php?title=Black_Pistons_Motorcycle_Club&oldid=1217926739
Black Spades,Black_Spades,https://en.wikipedia.org/w/index.php?title=Black_Spades&oldid=1339649967
Blood Family Mafia,Blood_Family_Mafia,https://en.wikipedia.org/w/index.php?title=Blood_Family_Mafia&oldid=1328949964
Bloods,Bloods,https://en.wikipedia.org/w/index.php?title=Bloods&oldid=1344447352
Bloque Meta,Bloque_Meta,https://en.wikipedia.org/w/index.php?title=Bloque_Meta&oldid=1300970870
Bonanno crime family,Bonanno_crime_family,https://en.wikipedia.org/w/index.php?title=Bonanno_crime_family&oldid=1344787326
Bonde do Maluco,Bonde_do_Maluco,https://en.wikipedia.org/w/index.php?title=Bonde_do_Maluco&oldid=1331344321
Bonde dos 40,Bonde_dos_40,https://en.wikipedia.org/w/index.php?title=Bonde_dos_40&oldid=1320180141
Bonnot Gang,Bonnot_Gang,https://en.wikipedia.org/w/index.php?title=Bonnot_Gang&oldid=1341026516
Boricua Popular Army,Boricua_Popular_Army,https://en.wikipedia.org/w/index.php?title=Boricua_Popular_Army&oldid=1342748158
Born to Kill (gang),Born_to_Kill_(gang),https://en.wikipedia.org/w/index.php?title=Born_to_Kill_(gang)&oldid=1339076929
Bounty Hunter Watts Bloods,Bounty_Hunter_Watts_Bloods,https://en.wikipedia.org/w/index.php?title=Bounty_Hunter_Watts_Bloods&oldid=1342539769
Boyd Gang,Boyd_Gang,https://en.wikipedia.org/w/index.php?title=Boyd_Gang&oldid=1341081387
Brazilian integralism,Brazilian_integralism,https://en.wikipedia.org/w/index.php?title=Brazilian_integralism&oldid=1338720463
Brazilian militias,Brazilian_militias,https://en.wikipedia.org/w/index.php?title=Brazilian_militias&oldid=1343468228
Breed Motorcycle Club,Breed_Motorcycle_Club,https://en.wikipedia.org/w/index.php?title=Breed_Motorcycle_Club&oldid=1339076971
British firms (organised crime),British_firms_(organised_crime),https://en.wikipedia.org/w/index.php?title=British_firms_(organised_crime)&oldid=1345977944
Brothers Keepers (gang),Brothers_Keepers_(gang),https://en.wikipedia.org/w/index.php?title=Brothers_Keepers_(gang)&oldid=1343918651
Brothers for Life,Brothers_for_Life,https://en.wikipedia.org/w/index.php?title=Brothers_for_Life&oldid=1345692177
Buffalo crime family,Buffalo_crime_family,https://en.wikipedia.org/w/index.php?title=Buffalo_crime_family&oldid=1339898444
Bugs and Meyer Mob,Bugs_and_Meyer_Mob,https://en.wikipedia.org/w/index.php?title=Bugs_and_Meyer_Mob&oldid=1339077010
Bulgarian mafia,Bulgarian_mafia,https://en.wikipedia.org/w/index.php?title=Bulgarian_mafia&oldid=1339077026
Byrd Gang,Byrd_Gang,https://en.wikipedia.org/w/index.php?title=Byrd_Gang&oldid=1339077042
Bình Xuyên,Bình_Xuyên,https://en.wikipedia.org/w/index.php?title=Bình_Xuyên&oldid=1313342931
Bạch Hải Đường,Bạch_Hải_Đường,https://en.wikipedia.org/w/index.php?title=Bạch_Hải_Đường&oldid=1341318148
CBL/BFL,CBL_BFL,https://en.wikipedia.org/w/index.php?title=CBL/BFL&oldid=1294579808
Caborca Cartel,Caborca_Cartel,https://en.wikipedia.org/w/index.php?title=Caborca_Cartel&oldid=1340893599
Cali Cartel,Cali_Cartel,https://en.wikipedia.org/w/index.php?title=Cali_Cartel&oldid=1339077071
Caltagirone Mafia family,Caltagirone_Mafia_family,https://en.wikipedia.org/w/index.php?title=Caltagirone_Mafia_family&oldid=1300489635
Camorra,Camorra,https://en.wikipedia.org/w/index.php?title=Camorra&oldid=1339077093
Cape Verdean organized crime,Cape_Verdean_organized_crime,https://en.wikipedia.org/w/index.php?title=Cape_Verdean_organized_crime&oldid=1339077103
Carecas do ABC,Carecas_do_ABC,https://en.wikipedia.org/w/index.php?title=Carecas_do_ABC&oldid=1343896389
Carl Williams (criminal),Carl_Williams_(criminal),https://en.wikipedia.org/w/index.php?title=Carl_Williams_(criminal)&oldid=1346122041
Cartel of the Suns,Cartel_of_the_Suns,https://en.wikipedia.org/w/index.php?title=Cartel_of_the_Suns&oldid=1345368298
Casalesi clan,Casalesi_clan,https://en.wikipedia.org/w/index.php?title=Casalesi_clan&oldid=1339077119
Catania Mafia family,Catania_Mafia_family,https://en.wikipedia.org/w/index.php?title=Catania_Mafia_family&oldid=1332592176
Cedar Block Piru,Cedar_Block_Piru,https://en.wikipedia.org/w/index.php?title=Cedar_Block_Piru&oldid=1331892650
Cesarano clan,Cesarano_clan,https://en.wikipedia.org/w/index.php?title=Cesarano_clan&oldid=1252578911
Chaldean mafia,Chaldean_mafia,https://en.wikipedia.org/w/index.php?title=Chaldean_mafia&oldid=1337055636
Chambers Brothers (gang),Chambers_Brothers_(gang),https://en.wikipedia.org/w/index.php?title=Chambers_Brothers_(gang)&oldid=1334203346
Chao pho,Chao_pho,https://en.wikipedia.org/w/index.php?title=Chao_pho&oldid=1336400268
Chapare Cartel,Chapare_Cartel,https://en.wikipedia.org/w/index.php?title=Chapare_Cartel&oldid=1331343995
Charles Birger,Charles_Birger,https://en.wikipedia.org/w/index.php?title=Charles_Birger&oldid=1339077158
Charles Martel Group,Charles_Martel_Group,https://en.wikipedia.org/w/index.php?title=Charles_Martel_Group&oldid=1332335354
Charles Sabini,Charles_Sabini,https://en.wikipedia.org/w/index.php?title=Charles_Sabini&oldid=1332808901
Charles Solomon (racketeer),Charles_Solomon_(racketeer),https://en.wikipedia.org/w/index.php?title=Charles_Solomon_(racketeer)&oldid=1336047391
Charlestown Gang,Charlestown_Gang,https://en.wikipedia.org/w/index.php?title=Charlestown_Gang&oldid=1298829304
Chechen mafia,Chechen_mafia,https://en.wikipedia.org/w/index.php?title=Chechen_mafia&oldid=1339077177
Cheetham Hill Gang,Cheetham_Hill_Gang,https://en.wikipedia.org/w/index.php?title=Cheetham_Hill_Gang&oldid=1339077188
Chicago Gaylords,Chicago_Gaylords,https://en.wikipedia.org/w/index.php?title=Chicago_Gaylords&oldid=1339077202
Chicago Outfit,Chicago_Outfit,https://en.wikipedia.org/w/index.php?title=Chicago_Outfit&oldid=1344409697
Chicanos Motorcycle Club,Chicanos_Motorcycle_Club,https://en.wikipedia.org/w/index.php?title=Chicanos_Motorcycle_Club&oldid=1231705383
Chijon family,Chijon_family,https://en.wikipedia.org/w/index.php?title=Chijon_family&oldid=1339077220
Chung Ching Yee,Chung_Ching_Yee,https://en.wikipedia.org/w/index.php?title=Chung_Ching_Yee&oldid=1339077226
Clan Abbinante,Clan_Abbinante,https://it.wikipedia.org/w/index.php?title=Clan_Abbinante&oldid=149812072
Clan D'Alessandro,Clan_D'Alessandro,https://it.wikipedia.org/w/index.php?title=Clan_D%27Alessandro&oldid=149869484
Clan Lago,Clan_Lago,https://it.wikipedia.org/w/index.php?title=Clan_Lago&oldid=149861234
Clan Magliulo,Clan_Magliulo,https://it.wikipedia.org/w/index.php?title=Clan_Magliulo&oldid=148690543
Clan Mariano,Clan_Mariano,https://it.wikipedia.org/w/index.php?title=Clan_Mariano&oldid=149861235
Clan Pariante,Clan_Pariante,https://it.wikipedia.org/w/index.php?title=Clan_Pariante&oldid=149861227
Clan Pecoraro-Renna,Clan_Pecoraro-Renna,https://it.wikipedia.org/w/index.php?title=Clan_Pecoraro-Renna&oldid=149861410
Clan Russo dei Quartieri Spagnoli,Clan_Russo_dei_Quartieri_Spagnoli,https://it.wikipedia.org/w/index.php?title=Clan_Russo_dei_Quartieri_Spagnoli&oldid=149861225
Clan Sacco-Bocchetti,Clan_Sacco-Bocchetti,https://it.wikipedia.org/w/index.php?title=Clan_Sacco-Bocchetti&oldid=149861238
Clan Sarno,Clan_Sarno,https://it.wikipedia.org/w/index.php?title=Clan_Sarno&oldid=149812157
Clan del Golfo,Clan_del_Golfo,https://en.wikipedia.org/w/index.php?title=Clan_del_Golfo&oldid=1341122388
Clerkenwell crime syndicate,Clerkenwell_crime_syndicate,https://en.wikipedia.org/w/index.php?title=Clerkenwell_crime_syndicate&oldid=1339077238
Cleveland crime family,Cleveland_crime_family,https://en.wikipedia.org/w/index.php?title=Cleveland_crime_family&oldid=1333374883
Colima Cartel,Colima_Cartel,https://en.wikipedia.org/w/index.php?title=Colima_Cartel&oldid=1339755399
Colombo crime family,Colombo_crime_family,https://en.wikipedia.org/w/index.php?title=Colombo_crime_family&oldid=1343370763
Colorado crime family,Colorado_crime_family,https://en.wikipedia.org/w/index.php?title=Colorado_crime_family&oldid=1345992099
Columbia Point Dawgs,Columbia_Point_Dawgs,https://en.wikipedia.org/w/index.php?title=Columbia_Point_Dawgs&oldid=1339077276
Comanchero Motorcycle Club,Comanchero_Motorcycle_Club,https://en.wikipedia.org/w/index.php?title=Comanchero_Motorcycle_Club&oldid=1312608659
Comando Vermelho,Comando_Vermelho,https://en.wikipedia.org/w/index.php?title=Comando_Vermelho&oldid=1345479469
Combat 18,Combat_18,https://en.wikipedia.org/w/index.php?title=Combat_18&oldid=1340900665
Commisso 'ndrina,Commisso_'ndrina,https://en.wikipedia.org/w/index.php?title=Commisso_%27ndrina&oldid=1340082035
Continentals (gang),Continentals_(gang),https://en.wikipedia.org/w/index.php?title=Continentals_(gang)&oldid=1339077310
Contini clan,Contini_clan,https://en.wikipedia.org/w/index.php?title=Contini_clan&oldid=1339077324
Contras,Contras,https://en.wikipedia.org/w/index.php?title=Contras&oldid=1345477882
Corleonesi Mafia clan,Corleonesi_Mafia_clan,https://en.wikipedia.org/w/index.php?title=Corleonesi_Mafia_clan&oldid=1341634689
Cornbread Mafia,Cornbread_Mafia,https://en.wikipedia.org/w/index.php?title=Cornbread_Mafia&oldid=1346208729
Corsican mafia,Corsican_mafia,https://en.wikipedia.org/w/index.php?title=Corsican_mafia&oldid=1337765648
Cortesi brothers,Cortesi_brothers,https://en.wikipedia.org/w/index.php?title=Cortesi_brothers&oldid=1283331185
Cossacks Motorcycle Club,Cossacks_Motorcycle_Club,https://en.wikipedia.org/w/index.php?title=Cossacks_Motorcycle_Club&oldid=1307328919
Cotroni crime family,Cotroni_crime_family,https://en.wikipedia.org/w/index.php?title=Cotroni_crime_family&oldid=1340081631
County Road Cutters,County_Road_Cutters,https://en.wikipedia.org/w/index.php?title=County_Road_Cutters&oldid=1311774385
Cowboy Mafia,Cowboy_Mafia,https://en.wikipedia.org/w/index.php?title=Cowboy_Mafia&oldid=1278075813
Coyote (person),Coyote_(person),https://en.wikipedia.org/w/index.php?title=Coyote_(person)&oldid=1344244167
Crazy Dragons,Crazy_Dragons,https://en.wikipedia.org/w/index.php?title=Crazy_Dragons&oldid=1320154275
Crime in Afghanistan,Crime_in_Afghanistan,https://en.wikipedia.org/w/index.php?title=Crime_in_Afghanistan&oldid=1340118855
Crime in Belgium,Crime_in_Belgium,https://en.wikipedia.org/w/index.php?title=Crime_in_Belgium&oldid=1346020393
Crips,Crips,https://en.wikipedia.org/w/index.php?title=Crips&oldid=1332326623
Culver City Boys,Culver_City_Boys,https://en.wikipedia.org/w/index.php?title=Culver_City_Boys&oldid=1342297958
Cuntrera-Caruana Mafia clan,Cuntrera-Caruana_Mafia_clan,https://en.wikipedia.org/w/index.php?title=Cuntrera-Caruana_Mafia_clan&oldid=1339077396
Cártel del Noreste,Cártel_del_Noreste,https://en.wikipedia.org/w/index.php?title=Cártel_del_Noreste&oldid=1344228969
D-Block Boys,D-Block_Boys,https://en.wikipedia.org/w/index.php?title=D-Block_Boys&oldid=1339088036
D-Company,D-Company,https://en.wikipedia.org/w/index.php?title=D-Company&oldid=1339177264
D.C. Blacks,D.C._Blacks,https://en.wikipedia.org/w/index.php?title=D.C._Blacks&oldid=1337898892
DLASTHR,DLASTHR,https://en.wikipedia.org/w/index.php?title=DLASTHR&oldid=1346324749
Dacoity,Dacoity,https://en.wikipedia.org/w/index.php?title=Dacoity&oldid=1338224359
Dallas crime family,Dallas_crime_family,https://en.wikipedia.org/w/index.php?title=Dallas_crime_family&oldid=1343611088
DarkMarket,DarkMarket,https://en.wikipedia.org/w/index.php?title=DarkMarket&oldid=1335499808
DeCavalcante crime family,DeCavalcante_crime_family,https://en.wikipedia.org/w/index.php?title=DeCavalcante_crime_family&oldid=1346612416
De Luca Bossa clan,De_Luca_Bossa_clan,https://en.wikipedia.org/w/index.php?title=De_Luca_Bossa_clan&oldid=1339077473
Dead Man Incorporated,Dead_Man_Incorporated,https://en.wikipedia.org/w/index.php?title=Dead_Man_Incorporated&oldid=1328952004
Death squad,Death_squad,https://en.wikipedia.org/w/index.php?title=Death_squad&oldid=1342468320
Detroit Partnership,Detroit_Partnership,https://en.wikipedia.org/w/index.php?title=Detroit_Partnership&oldid=1343807739
Devil's Disciples Motorcycle Club (Canada),Devil's_Disciples_Motorcycle_Club_(Canada),https://en.wikipedia.org/wiki/Devil's_Disciples_Motorcycle_Club_(Canada)
Devils Diciples Motorcycle Club,Devils_Diciples_Motorcycle_Club,https://en.wikipedia.org/w/index.php?title=Devils_Diciples_Motorcycle_Club&oldid=1341248161
Di Lauro clan,Di_Lauro_clan,https://en.wikipedia.org/w/index.php?title=Di_Lauro_clan&oldid=1339077513
Diablos Motorcycle Club,Diablos_Motorcycle_Club,https://en.wikipedia.org/w/index.php?title=Diablos_Motorcycle_Club&oldid=1328950367
Diablos Motorcycle Club (founded 1999),Diablos_Motorcycle_Club_(founded_1999),https://en.wikipedia.org/wiki/Diablos_Motorcycle_Club_(founded_1999)
Dinner Set Gang,Dinner_Set_Gang,https://en.wikipedia.org/w/index.php?title=Dinner_Set_Gang&oldid=1303407637
Dixie Mafia,Dixie_Mafia,https://en.wikipedia.org/w/index.php?title=Dixie_Mafia&oldid=1343745479
Dixon Bloods,Dixon_Bloods,https://en.wikipedia.org/w/index.php?title=Dixon_Bloods&oldid=1339077537
Doddington gang,Doddington_gang,https://en.wikipedia.org/w/index.php?title=Doddington_gang&oldid=1340347524
Dominicans Don't Play,Dominicans_Don't_Play,https://en.wikipedia.org/w/index.php?title=Dominicans_Don%27t_Play&oldid=1333388539
Dominick Napolitano,Dominick_Napolitano,https://en.wikipedia.org/w/index.php?title=Dominick_Napolitano&oldid=1339078409
Downtown Gang,Downtown_Gang,https://en.wikipedia.org/w/index.php?title=Downtown_Gang&oldid=1339077596
Dridex,Dridex,https://en.wikipedia.org/w/index.php?title=Dridex&oldid=1345627816
Drug Enforcement Administration,Drug_Enforcement_Administration,https://en.wikipedia.org/w/index.php?title=Drug_Enforcement_Administration&oldid=1346011094
Drug cartel,Drug_cartel,https://en.wikipedia.org/w/index.php?title=Drug_cartel&oldid=1343893373
Dubois brothers,Dubois_brothers,https://en.wikipedia.org/w/index.php?title=Dubois_brothers&oldid=1319483457
Dung Hà,Dung_Hà,https://en.wikipedia.org/w/index.php?title=Dung_Hà&oldid=1341319644
Dutch Schultz,Dutch_Schultz,https://en.wikipedia.org/w/index.php?title=Dutch_Schultz&oldid=1332735044
Dömötör-,Dömötör-Kolompár_criminal_organization,https://en.wikipedia.org/w/index.php?title=Dömötör-
East Harlem Purple Gang,East_Harlem_Purple_Gang,https://en.wikipedia.org/w/index.php?title=East_Harlem_Purple_Gang&oldid=1336602552
El Forastero Motorcycle Club,El_Forastero_Motorcycle_Club,https://en.wikipedia.org/w/index.php?title=El_Forastero_Motorcycle_Club&oldid=1296582130
El Monte Flores,El_Monte_Flores,https://en.wikipedia.org/w/index.php?title=El_Monte_Flores&oldid=1342297961
Elephant and Castle Mob,Elephant_and_Castle_Mob,https://en.wikipedia.org/w/index.php?title=Elephant_and_Castle_Mob&oldid=1339077627
Elm Street Piru,Elm_Street_Piru,https://en.wikipedia.org/w/index.php?title=Elm_Street_Piru&oldid=1344645963
European Kindred,European_Kindred,https://en.wikipedia.org/w/index.php?title=European_Kindred&oldid=1322451581
FARC dissidents,FARC_dissidents,https://en.wikipedia.org/w/index.php?title=FARC_dissidents&oldid=1346001045
Família do Norte,Família_do_Norte,https://en.wikipedia.org/w/index.php?title=Família_do_Norte&oldid=1307182475
Felony Lane Gang,Felony_Lane_Gang,https://en.wikipedia.org/w/index.php?title=Felony_Lane_Gang&oldid=1319342783
Finks Motorcycle Club,Finks_Motorcycle_Club,https://en.wikipedia.org/w/index.php?title=Finks_Motorcycle_Club&oldid=1339691393
Five Families,Five_Families,https://en.wikipedia.org/w/index.php?title=Five_Families&oldid=1344695191
Five Point Generalz,Five_Point_Generalz,https://en.wikipedia.org/w/index.php?title=Five_Point_Generalz&oldid=1339077663
Florencia 13,Florencia_13,https://en.wikipedia.org/w/index.php?title=Florencia_13&oldid=1345044234
Flying Dragons (gang),Flying_Dragons_(gang),https://en.wikipedia.org/w/index.php?title=Flying_Dragons_(gang)&oldid=1344036838
Folk Nation,Folk_Nation,https://en.wikipedia.org/w/index.php?title=Folk_Nation&oldid=1346244871
Forming Kaos,Forming_Kaos,https://en.wikipedia.org/w/index.php?title=Forming_Kaos&oldid=1342298111
Four Corner Hustlers,Four_Corner_Hustlers,https://en.wikipedia.org/w/index.php?title=Four_Corner_Hustlers&oldid=1339077725
Four Seas Gang,Four_Seas_Gang,https://en.wikipedia.org/w/index.php?title=Four_Seas_Gang&oldid=1237151645
Foxtrot (criminal network),Foxtrot_(criminal_network),https://en.wikipedia.org/w/index.php?title=Foxtrot_(criminal_network)&oldid=1337345535
Francesco Barbaro (Castanu),Francesco_Barbaro_(Castanu),https://en.wikipedia.org/w/index.php?title=Francesco_Barbaro_(Castanu)&oldid=1341320471
Francesco Domingo,Francesco_Domingo,https://en.wikipedia.org/w/index.php?title=Francesco_Domingo&oldid=1334236380
Francesco Madonia,Francesco_Madonia,https://en.wikipedia.org/w/index.php?title=Francesco_Madonia&oldid=1344699055
Francesco Matrone,Francesco_Matrone,https://en.wikipedia.org/w/index.php?title=Francesco_Matrone&oldid=1327319962
Francis Turatello,Francis_Turatello,https://en.wikipedia.org/w/index.php?title=Francis_Turatello&oldid=1346208354
Frankfurt mafia,Frankfurt_mafia,https://en.wikipedia.org/w/index.php?title=Frankfurt_mafia&oldid=1338639426
Fresno Bulldogs,Fresno_Bulldogs,https://en.wikipedia.org/w/index.php?title=Fresno_Bulldogs&oldid=1339077740
Fruit Belt Gang,Fruit_Belt_Gang,https://en.wikipedia.org/w/index.php?title=Fruit_Belt_Gang&oldid=1335898477
Fruit Town Piru,Fruit_Town_Piru,https://en.wikipedia.org/w/index.php?title=Fruit_Town_Piru&oldid=1328947574
Fujianese organized crime,Fujianese_organized_crime,https://en.wikipedia.org/w/index.php?title=Fujianese_organized_crime&oldid=1339077773
Fukuhaku-kai,Fukuhaku-kai,https://en.wikipedia.org/w/index.php?title=Fukuhaku-kai&oldid=1286712697
Fullerton Boys,Fullerton_Boys,https://en.wikipedia.org/w/index.php?title=Fullerton_Boys&oldid=1243716659
Funding of Hezbollah,Funding_of_Hezbollah,https://en.wikipedia.org/w/index.php?title=Funding_of_Hezbollah&oldid=1345524918
Galician Mafia,Galician_Mafia,https://en.wikipedia.org/w/index.php?title=Galician_Mafia&oldid=1343927177
Galloping Goose Motorcycle Club,Galloping_Goose_Motorcycle_Club,https://en.wikipedia.org/w/index.php?title=Galloping_Goose_Motorcycle_Club&oldid=1320282972
Galloway Boys,Galloway_Boys,https://en.wikipedia.org/w/index.php?title=Galloway_Boys&oldid=1339077800
Gambino crime family,Gambino_crime_family,https://en.wikipedia.org/w/index.php?title=Gambino_crime_family&oldid=1344658161
Gang de la Brise de Mer,Gang_de_la_Brise_de_Mer,https://en.wikipedia.org/w/index.php?title=Gang_de_la_Brise_de_Mer&oldid=1342196640
Gang des Tractions Avant,Gang_des_Tractions_Avant,https://en.wikipedia.org/w/index.php?title=Gang_des_Tractions_Avant&oldid=1123898806
Gang des postiches,Gang_des_postiches,https://en.wikipedia.org/w/index.php?title=Gang_des_postiches&oldid=1313265610
Gangs in Belize,Gangs_in_Belize,https://en.wikipedia.org/w/index.php?title=Gangs_in_Belize&oldid=1344957657
Gangs in Canada,Gangs_in_Canada,https://en.wikipedia.org/w/index.php?title=Gangs_in_Canada&oldid=1337907146
Gangs in Liverpool,Gangs_in_Liverpool,https://en.wikipedia.org/w/index.php?title=Gangs_in_Liverpool&oldid=1345976932
Gangs in South Africa,Gangs_in_South_Africa,https://en.wikipedia.org/w/index.php?title=Gangs_in_South_Africa&oldid=1340263859
Gangster Disciples,Gangster_Disciples,https://en.wikipedia.org/w/index.php?title=Gangster_Disciples&oldid=1342985437
Garduña,Garduña,https://en.wikipedia.org/w/index.php?title=Garduña&oldid=1323419835
Gate Keepers Motorcycle Club,Gate_Keepers_Motorcycle_Club,https://en.wikipedia.org/w/index.php?title=Gate_Keepers_Motorcycle_Club&oldid=1340139597
Genovese crime family,Genovese_crime_family,https://en.wikipedia.org/w/index.php?title=Genovese_crime_family&oldid=1344383471
Genovese crime family New Jersey faction,Genovese_crime_family_New_Jersey_faction,https://en.wikipedia.org/wiki/Genovese_crime_family_New_Jersey_faction
Gente Nueva,Gente_Nueva,https://en.wikipedia.org/w/index.php?title=Gente_Nueva&oldid=1345644442
Georgian mafia,Georgian_mafia,https://en.wikipedia.org/w/index.php?title=Georgian_mafia&oldid=1343244491
Ghee Hin Kongsi,Ghee_Hin_Kongsi,https://en.wikipedia.org/w/index.php?title=Ghee_Hin_Kongsi&oldid=1320225176
Ghetto Brothers,Ghetto_Brothers,https://en.wikipedia.org/w/index.php?title=Ghetto_Brothers&oldid=1318584761
Ghost Shadows,Ghost_Shadows,https://en.wikipedia.org/w/index.php?title=Ghost_Shadows&oldid=1339077855
Gitans Moto Club,Gitans_Moto_Club,https://en.wikipedia.org/w/index.php?title=Gitans_Moto_Club&oldid=1322245000
Giuliano clan,Giuliano_clan,https://en.wikipedia.org/w/index.php?title=Giuliano_clan&oldid=1339077862
Giuseppe Barbaro,Giuseppe_Barbaro,https://en.wikipedia.org/w/index.php?title=Giuseppe_Barbaro&oldid=1331376823
Goda-ikka,Goda-ikka,https://en.wikipedia.org/w/index.php?title=Goda-ikka&oldid=1294921564
Grape Street Watts Crips,Grape_Street_Watts_Crips,https://en.wikipedia.org/w/index.php?title=Grape_Street_Watts_Crips&oldid=1339077903
Greco Mafia clan,Greco_Mafia_clan,https://en.wikipedia.org/w/index.php?title=Greco_Mafia_clan&oldid=1339077910
Greek mafia,Greek_mafia,https://en.wikipedia.org/w/index.php?title=Greek_mafia&oldid=1342756194
Green Gang,Green_Gang,https://en.wikipedia.org/w/index.php?title=Green_Gang&oldid=1301624945
Greenwich Village Crew,Greenwich_Village_Crew,https://en.wikipedia.org/w/index.php?title=Greenwich_Village_Crew&oldid=1305967308
Gregory Scarpa,Gregory_Scarpa,https://en.wikipedia.org/w/index.php?title=Gregory_Scarpa&oldid=1339738596
Gremium Motorcycle Club,Gremium_Motorcycle_Club,https://en.wikipedia.org/w/index.php?title=Gremium_Motorcycle_Club&oldid=1248134081
Grendon crime family,Grendon_crime_family,https://en.wikipedia.org/w/index.php?title=Grendon_crime_family&oldid=1332751531
Grey Wolves (organization),Grey_Wolves_(organization),https://en.wikipedia.org/w/index.php?title=Grey_Wolves_(organization)&oldid=1342795024
Grim Reapers Motorcycle Club (Canada),Grim_Reapers_Motorcycle_Club_(Canada),https://en.wikipedia.org/wiki/Grim_Reapers_Motorcycle_Club_(Canada)
Grim Reapers Motorcycle Club (USA),Grim_Reapers_Motorcycle_Club_(USA),https://en.wikipedia.org/wiki/Grim_Reapers_Motorcycle_Club_(USA)
Grupos de autodefensa comunitaria,Grupos_de_autodefensa_comunitaria,https://en.wikipedia.org/wiki/Grupos_de_autodefensa_comunitaria
Guadalajara Cartel,Guadalajara_Cartel,https://en.wikipedia.org/w/index.php?title=Guadalajara_Cartel&oldid=1339077938
Guardiões do Estado,Guardioes_do_Estado,https://en.wikipedia.org/w/index.php?title=Guardiões_do_Estado&oldid=1331351033
Guerreros Unidos,Guerreros_Unidos,https://en.wikipedia.org/w/index.php?title=Guerreros_Unidos&oldid=1339077946
Gulf Cartel,Gulf_Cartel,https://en.wikipedia.org/w/index.php?title=Gulf_Cartel&oldid=1342906639
Gun crime in south Manchester,Gun_crime_in_south_Manchester,https://en.wikipedia.org/w/index.php?title=Gun_crime_in_south_Manchester&oldid=1325058003
Gustin Gang,Gustin_Gang,https://en.wikipedia.org/w/index.php?title=Gustin_Gang&oldid=1281845825
Gypsy Joker Motorcycle Club,Gypsy_Joker_Motorcycle_Club,https://en.wikipedia.org/w/index.php?title=Gypsy_Joker_Motorcycle_Club&oldid=1345394789
Hai San Secret Society,Hai_San_Secret_Society,https://en.wikipedia.org/w/index.php?title=Hai_San_Secret_Society&oldid=1320225181
Hammerskins,Hammerskins,https://en.wikipedia.org/w/index.php?title=Hammerskins&oldid=1344090696
Hard Livings,Hard_Livings,https://en.wikipedia.org/w/index.php?title=Hard_Livings&oldid=1339077975
Harry Sagansky,Harry_Sagansky,https://en.wikipedia.org/w/index.php?title=Harry_Sagansky&oldid=1298653217
Hawala,Hawala,https://en.wikipedia.org/w/index.php?title=Hawala&oldid=1330006493
Hawala and crime,Hawala_and_crime,https://en.wikipedia.org/w/index.php?title=Hawala_and_crime&oldid=1332860067
Hells Angels,Hells_Angels,https://en.wikipedia.org/w/index.php?title=Hells_Angels&oldid=1344187125
Hells Angels MC criminal allegations and incidents,Hells_Angels_MC_criminal_allegations_and_incidents,https://en.wikipedia.org/wiki/Hells_Angels_MC_criminal_allegations_and_incidents
Hells Angels MC criminal allegations and incidents in Australia,Hells_Angels_MC_criminal_allegations_and_incidents_in_Australia,https://en.wikipedia.org/wiki/Hells_Angels_MC_criminal_allegations_and_incidents_in_Australia
Hells Angels MC criminal allegations and incidents in Canada,Hells_Angels_MC_criminal_allegations_and_incidents_in_Canada,https://en.wikipedia.org/wiki/Hells_Angels_MC_criminal_allegations_and_incidents_in_Canada
Hells Angels MC criminal allegations and incidents in New York,Hells_Angels_MC_criminal_allegations_and_incidents_in_New_York,https://en.wikipedia.org/wiki/Hells_Angels_MC_criminal_allegations_and_incidents_in_New_York
Hells Angels MC criminal allegations and incidents in Nova Scotia,Hells_Angels_MC_criminal_allegations_and_incidents_in_Nova_Scotia,https://en.wikipedia.org/wiki/Hells_Angels_MC_criminal_allegations_and_incidents_in_Nova_Scotia
Hells Angels MC criminal allegations and incidents in Ontario,Hells_Angels_MC_criminal_allegations_and_incidents_in_Ontario,https://en.wikipedia.org/wiki/Hells_Angels_MC_criminal_allegations_and_incidents_in_Ontario
Hells Angels MC criminal allegations and incidents in the United Kingdom,Hells_Angels_MC_criminal_allegations_and_incidents_in_the_United_Kingdom,https://en.wikipedia.org/wiki/Hells_Angels_MC_criminal_allegations_and_incidents_in_the_United_Kingdom
Hermanos de Pistoleros Latinos,Hermanos_de_Pistoleros_Latinos,https://en.wikipedia.org/w/index.php?title=Hermanos_de_Pistoleros_Latinos&oldid=1326819040
Hezbollah,Hezbollah,https://en.wikipedia.org/w/index.php?title=Hezbollah&oldid=1345040586
Hidden Valley Kings,Hidden_Valley_Kings,https://en.wikipedia.org/w/index.php?title=Hidden_Valley_Kings&oldid=1327871661
Highwaymen Motorcycle Club,Highwaymen_Motorcycle_Club,https://en.wikipedia.org/w/index.php?title=Highwaymen_Motorcycle_Club&oldid=1346019209
Hip Sing Association,Hip_Sing_Association,https://en.wikipedia.org/w/index.php?title=Hip_Sing_Association&oldid=1334949434
History of Libya under Muammar Gaddafi,History_of_Libya_under_Muammar_Gaddafi,https://en.wikipedia.org/wiki/History_of_Libya_under_Muammar_Gaddafi
Hoe Avenue peace meeting,Hoe_Avenue_peace_meeting,https://en.wikipedia.org/w/index.php?title=Hoe_Avenue_peace_meeting&oldid=1344718574
Honghuzi,Honghuzi,https://en.wikipedia.org/w/index.php?title=Honghuzi&oldid=1330761088
Honoured Society (Australia),Honoured_Society_(Australia),https://en.wikipedia.org/w/index.php?title=Honoured_Society_(Australia)&oldid=1316117128
Hop Sing Tong,Hop_Sing_Tong,https://en.wikipedia.org/w/index.php?title=Hop_Sing_Tong&oldid=1310544902
Hornec gang,Hornec_gang,https://en.wikipedia.org/w/index.php?title=Hornec_gang&oldid=1339078082
Houthis,Houthis,https://en.wikipedia.org/w/index.php?title=Houthis&oldid=1344807887
Hoxton Gang,Hoxton_Gang,https://en.wikipedia.org/w/index.php?title=Hoxton_Gang&oldid=1345129106
Hutch Organised Crime Gang,Hutch_Organised_Crime_Gang,https://en.wikipedia.org/w/index.php?title=Hutch_Organised_Crime_Gang&oldid=1338984443
Illegal drug trade in Colombia,Illegal_drug_trade_in_Colombia,https://en.wikipedia.org/w/index.php?title=Illegal_drug_trade_in_Colombia&oldid=1332728464
Illegal drug trade in Latin America,Illegal_drug_trade_in_Latin_America,https://en.wikipedia.org/wiki/Illegal_drug_trade_in_Latin_America
Illegal drug trade in Syria,Illegal_drug_trade_in_Syria,https://en.wikipedia.org/w/index.php?title=Illegal_drug_trade_in_Syria&oldid=1310135781
Inagawa-kai,Inagawa-kai,https://en.wikipedia.org/w/index.php?title=Inagawa-kai&oldid=1334946372
Independent Cartel of Acapulco,Independent_Cartel_of_Acapulco,https://en.wikipedia.org/w/index.php?title=Independent_Cartel_of_Acapulco&oldid=1339078121
Indian Posse,Indian_Posse,https://en.wikipedia.org/w/index.php?title=Indian_Posse&oldid=1321888179
Indo-Canadian organized crime,Indo-Canadian_organized_crime,https://en.wikipedia.org/w/index.php?title=Indo-Canadian_organized_crime&oldid=1339078137
Inzerillo Mafia clan,Inzerillo_Mafia_clan,https://en.wikipedia.org/w/index.php?title=Inzerillo_Mafia_clan&oldid=1339078167
Irish mob,Irish_mob,https://en.wikipedia.org/w/index.php?title=Irish_mob&oldid=1344448776
Iron Horsemen Motorcycle Club,Iron_Horsemen_Motorcycle_Club,https://en.wikipedia.org/w/index.php?title=Iron_Horsemen_Motorcycle_Club&oldid=1337093019
Israeli mafia,Israeli_mafia,https://en.wikipedia.org/w/index.php?title=Israeli_mafia&oldid=1343177672
Jackson Street Boys,Jackson_Street_Boys,https://en.wikipedia.org/w/index.php?title=Jackson_Street_Boys&oldid=1343830070
Jacky Imbert,Jacky_Imbert,https://en.wikipedia.org/w/index.php?title=Jacky_Imbert&oldid=1303206187
Jalisco New Generation Cartel,Jalisco_New_Generation_Cartel,https://en.wikipedia.org/w/index.php?title=Jalisco_New_Generation_Cartel&oldid=1344697661
Jamaica Labour Party,Jamaica_Labour_Party,https://en.wikipedia.org/w/index.php?title=Jamaica_Labour_Party&oldid=1341819817
Jamaican posse,Jamaican_posse,https://en.wikipedia.org/w/index.php?title=Jamaican_posse&oldid=1329331993
Jewish-American organized crime,Jewish-American_organized_crime,https://en.wikipedia.org/w/index.php?title=Jewish-American_organized_crime&oldid=1342985002
Jheri Curls,Jheri_Curls,https://en.wikipedia.org/w/index.php?title=Jheri_Curls&oldid=1318148206
Joe Gallo,Joe_Gallo,https://en.wikipedia.org/w/index.php?title=Joe_Gallo&oldid=1346354744
Joey Pyle,Joey_Pyle,https://en.wikipedia.org/w/index.php?title=Joey_Pyle&oldid=1345977308
John Gambino,John_Gambino,https://en.wikipedia.org/w/index.php?title=John_Gambino&oldid=1344768865
Joseph Rosenzweig,Joseph_Rosenzweig,https://en.wikipedia.org/w/index.php?title=Joseph_Rosenzweig&oldid=1330591826
José Miguel Battle Sr.,José_Miguel_Battle_Sr.,https://en.wikipedia.org/w/index.php?title=José_Miguel_Battle_Sr.&oldid=1319199920
Juárez Cartel,Juárez_Cartel,https://en.wikipedia.org/w/index.php?title=Juárez_Cartel&oldid=1343431102
K&A Gang,K&A_Gang,https://en.wikipedia.org/w/index.php?title=K%26A_Gang&oldid=1339088061
KUMI 415,KUMI_415,https://en.wikipedia.org/w/index.php?title=KUMI_415&oldid=1328952278
Kadyrovites,Kadyrovites,https://en.wikipedia.org/w/index.php?title=Kadyrovites&oldid=1338142595
Kansas City crime family,Kansas_City_crime_family,https://en.wikipedia.org/w/index.php?title=Kansas_City_crime_family&oldid=1346451645
Keane-Collopy,Keane-Collopy,https://en.wikipedia.org/w/index.php?title=Keane-Collopy&oldid=1298886746
Kelly Park Compton Crips,Kelly_Park_Compton_Crips,https://en.wikipedia.org/w/index.php?title=Kelly_Park_Compton_Crips&oldid=1341815372
Keystone United,Keystone_United,https://en.wikipedia.org/w/index.php?title=Keystone_United&oldid=1301647313
Khánh Trắng,Khánh_Trắng,https://en.wikipedia.org/w/index.php?title=Khánh_Trắng&oldid=1341351982
Kid Cann,Kid_Cann,https://en.wikipedia.org/w/index.php?title=Kid_Cann&oldid=1335447437
Kinahan Organised Crime Group,Kinahan_Organised_Crime_Group,https://en.wikipedia.org/w/index.php?title=Kinahan_Organised_Crime_Group&oldid=1339081466
Kings Crew Motorcycle Club,Kings_Crew_Motorcycle_Club,https://en.wikipedia.org/w/index.php?title=Kings_Crew_Motorcycle_Club&oldid=1339081485
Kipps Lane Crew,Kipps_Lane_Crew,https://en.wikipedia.org/w/index.php?title=Kipps_Lane_Crew&oldid=1339081493
Kizuna-kai,Kizuna-kai,https://en.wikipedia.org/w/index.php?title=Kizuna-kai&oldid=1321108978
Kkangpae,Kkangpae,https://en.wikipedia.org/w/index.php?title=Kkangpae&oldid=1333438545
Knights Templar Cartel,Knights_Templar_Cartel,https://en.wikipedia.org/w/index.php?title=Knights_Templar_Cartel&oldid=1340514479
Kobe Yamaguchi-gumi,Kobe_Yamaguchi-gumi,https://en.wikipedia.org/w/index.php?title=Kobe_Yamaguchi-gumi&oldid=1321109354
Kray twins,Kray_twins,https://en.wikipedia.org/w/index.php?title=Kray_twins&oldid=1346185564
Kuratong Baleleng,Kuratong_Baleleng,https://en.wikipedia.org/w/index.php?title=Kuratong_Baleleng&oldid=1343806913
Kurdish mafia,Kurdish_mafia,https://en.wikipedia.org/w/index.php?title=Kurdish_mafia&oldid=1339081546
Kurdistan Workers' Party,Kurdistan_Workers'_Party,https://en.wikipedia.org/w/index.php?title=Kurdistan_Workers%27_Party&oldid=1345759918
Kyosei-kai,Kyosei-kai,https://en.wikipedia.org/w/index.php?title=Kyosei-kai&oldid=1286704732
LRGP (gang),LRGP_(gang),https://en.wikipedia.org/w/index.php?title=LRGP_(gang)&oldid=1328948084
La Barredora,La_Barredora,https://en.wikipedia.org/w/index.php?title=La_Barredora&oldid=1339901290
La Corporación,La_Corporación,https://en.wikipedia.org/w/index.php?title=La_Corporación&oldid=1313356057
La Empresa,La_Empresa,https://en.wikipedia.org/w/index.php?title=La_Empresa&oldid=1332164490
La Familia Michoacana,La_Familia_Michoacana,https://en.wikipedia.org/w/index.php?title=La_Familia_Michoacana&oldid=1344711329
La Línea (gang),La_Línea_(gang),https://en.wikipedia.org/w/index.php?title=La_Línea_(gang)&oldid=1332081477
La Nueva Familia Michoacana Organization,La_Nueva_Familia_Michoacana_Organization,https://en.wikipedia.org/wiki/La_Nueva_Familia_Michoacana_Organization
La Raza,La_Raza,https://en.wikipedia.org/w/index.php?title=La_Raza&oldid=1346374855
La Raza Nation,La_Raza_Nation,https://en.wikipedia.org/w/index.php?title=La_Raza_Nation&oldid=1345050663
La Resistencia (gang),La_Resistencia_(gang),https://en.wikipedia.org/w/index.php?title=La_Resistencia_(gang)&oldid=1339081607
La Unión Tepito,La_Unión_Tepito,https://en.wikipedia.org/w/index.php?title=La_Unión_Tepito&oldid=1340169182
Latin Counts,Latin_Counts,https://en.wikipedia.org/w/index.php?title=Latin_Counts&oldid=1328950240
Latin Eagles,Latin_Eagles,https://en.wikipedia.org/w/index.php?title=Latin_Eagles&oldid=1345386034
Latin Kings,Latin_Kings,https://en.wikipedia.org/w/index.php?title=Latin_Kings&oldid=1309638378
Lawrence Bishnoi,Lawrence_Bishnoi,https://en.wikipedia.org/w/index.php?title=Lawrence_Bishnoi&oldid=1345599445
Lazarus Group,Lazarus_Group,https://en.wikipedia.org/w/index.php?title=Lazarus_Group&oldid=1345628183
Lebanese mafia,Lebanese_mafia,https://en.wikipedia.org/w/index.php?title=Lebanese_mafia&oldid=1345493078
Lenox Avenue Gang,Lenox_Avenue_Gang,https://en.wikipedia.org/w/index.php?title=Lenox_Avenue_Gang&oldid=1299129120
Lenox Street Boys,Lenox_Street_Boys,https://en.wikipedia.org/w/index.php?title=Lenox_Street_Boys&oldid=1339081680
Leonard DiMaria,Leonard_DiMaria,https://en.wikipedia.org/w/index.php?title=Leonard_DiMaria&oldid=1346098859
Licciardi clan,Licciardi_clan,https://en.wikipedia.org/w/index.php?title=Licciardi_clan&oldid=1339083310
List of criminal gangs in Brazil,List_of_criminal_gangs_in_Brazil,https://en.wikipedia.org/w/index.php?title=List_of_criminal_gangs_in_Brazil&oldid=1319391072
Lo Russo clan,Lo_Russo_clan,https://en.wikipedia.org/w/index.php?title=Lo_Russo_clan&oldid=1339084320
LockBit,LockBit,https://en.wikipedia.org/w/index.php?title=LockBit&oldid=1344790984
Logan Heights Gang,Logan_Heights_Gang,https://en.wikipedia.org/w/index.php?title=Logan_Heights_Gang&oldid=1342297963
Loners Motorcycle Club,Loners_Motorcycle_Club,https://en.wikipedia.org/w/index.php?title=Loners_Motorcycle_Club&oldid=1339115652
Lorenzo Nichols,Lorenzo_Nichols,https://en.wikipedia.org/w/index.php?title=Lorenzo_Nichols&oldid=1339551952
Los Angeles crime family,Los_Angeles_crime_family,https://en.wikipedia.org/w/index.php?title=Los_Angeles_crime_family&oldid=1346564221
Los Charlines,Los_Charlines,https://en.wikipedia.org/w/index.php?title=Los_Charlines&oldid=1299042979
Los Choneros,Los_Choneros,https://en.wikipedia.org/w/index.php?title=Los_Choneros&oldid=1339085166
Los Mazatlecos,Los_Mazatlecos,https://en.wikipedia.org/w/index.php?title=Los_Mazatlecos&oldid=1339085183
Los Metros,Los_Metros,https://en.wikipedia.org/w/index.php?title=Los_Metros&oldid=1339085192
Los Mexicles,Los_Mexicles,https://en.wikipedia.org/w/index.php?title=Los_Mexicles&oldid=1339085297
Los Negros,Los_Negros,https://en.wikipedia.org/w/index.php?title=Los_Negros&oldid=1343675304
Los Pelones,Los_Pelones,https://en.wikipedia.org/w/index.php?title=Los_Pelones&oldid=1346589811
Los Priscos,Los_Priscos,https://en.wikipedia.org/w/index.php?title=Los_Priscos&oldid=1339085311
Los Rastrojos,Los_Rastrojos,https://en.wikipedia.org/w/index.php?title=Los_Rastrojos&oldid=1345262604
Los Rojos,Los_Rojos,https://en.wikipedia.org/w/index.php?title=Los_Rojos&oldid=1339279960
Los Solidos,Los_Solidos,https://en.wikipedia.org/w/index.php?title=Los_Solidos&oldid=1345762629
Los Tiguerones,Los_Tiguerones,https://en.wikipedia.org/w/index.php?title=Los_Tiguerones&oldid=1331492605
Los Viagras,Los_Viagras,https://en.wikipedia.org/w/index.php?title=Los_Viagras&oldid=1343759245
Los Zetas,Los_Zetas,https://en.wikipedia.org/w/index.php?title=Los_Zetas&oldid=1343342118
Los Ántrax,Los_Ántrax,https://en.wikipedia.org/w/index.php?title=Los_Ántrax&oldid=1345329010
Loyal to Familia,Loyal_to_Familia,https://en.wikipedia.org/w/index.php?title=Loyal_to_Familia&oldid=1319041855
Lucchese crime family,Lucchese_crime_family,https://en.wikipedia.org/w/index.php?title=Lucchese_crime_family&oldid=1344618002
Lucchese crime family Brooklyn faction,Lucchese_crime_family_Brooklyn_faction,https://en.wikipedia.org/wiki/Lucchese_crime_family_Brooklyn_faction
Lucchese crime family New Jersey faction,Lucchese_crime_family_New_Jersey_faction,https://en.wikipedia.org/wiki/Lucchese_crime_family_New_Jersey_faction
Lucerne Street Doggz,Lucerne_Street_Doggz,https://en.wikipedia.org/w/index.php?title=Lucerne_Street_Doggz&oldid=1339085402
Lucien Sarti,Lucien_Sarti,https://en.wikipedia.org/w/index.php?title=Lucien_Sarti&oldid=1340272628
Lung Kong Tin Yee Association,Lung_Kong_Tin_Yee_Association,https://en.wikipedia.org/w/index.php?title=Lung_Kong_Tin_Yee_Association&oldid=1314141750
Luppino crime family,Luppino_crime_family,https://en.wikipedia.org/w/index.php?title=Luppino_crime_family&oldid=1322469039
Lynwood Vikings,Lynwood_Vikings,https://en.wikipedia.org/w/index.php?title=Lynwood_Vikings&oldid=1341169433
Lynx gang,Lynx_gang,https://en.wikipedia.org/w/index.php?title=Lynx_gang&oldid=1339085421
Lyons Crime Family,Lyons_Crime_Family,https://en.wikipedia.org/w/index.php?title=Lyons_Crime_Family&oldid=1346394009
MS-13,MS-13,https://en.wikipedia.org/w/index.php?title=MS-13&oldid=1343744524
Maceo Organization,Maceo_Organization,https://en.wikipedia.org/w/index.php?title=Maceo_Organization&oldid=1339085443
Mafia,Mafia,https://en.wikipedia.org/w/index.php?title=Mafia&oldid=1344774867
Mafia Capitale,Mafia_Capitale,https://en.wikipedia.org/w/index.php?title=Mafia_Capitale&oldid=1285607338
Mafia state,Mafia_state,https://en.wikipedia.org/w/index.php?title=Mafia_state&oldid=1344119297
Mai-Mai,Mai-Mai,https://en.wikipedia.org/w/index.php?title=Mai-Mai&oldid=1344855868
Mallardo clan,Mallardo_clan,https://en.wikipedia.org/w/index.php?title=Mallardo_clan&oldid=1339085459
Mamak Gang,Mamak_Gang,https://en.wikipedia.org/w/index.php?title=Mamak_Gang&oldid=1343955081
Maniac Latin Disciples,Maniac_Latin_Disciples,https://en.wikipedia.org/w/index.php?title=Maniac_Latin_Disciples&oldid=1339085491
Manitoba Warriors,Manitoba_Warriors,https://en.wikipedia.org/w/index.php?title=Manitoba_Warriors&oldid=1334100808
Manson Family,Manson_Family,https://en.wikipedia.org/w/index.php?title=Manson_Family&oldid=1343928176
Marcel Francisci,Marcel_Francisci,https://en.wikipedia.org/w/index.php?title=Marcel_Francisci&oldid=1331863476
March 23 Movement,March_23_Movement,https://en.wikipedia.org/w/index.php?title=March_23_Movement&oldid=1340717730
Marcinho VP,Marcinho_VP,https://en.wikipedia.org/w/index.php?title=Marcinho_VP&oldid=1342718243
Marielitos (gangs),Marielitos_(gangs),https://en.wikipedia.org/w/index.php?title=Marielitos_(gangs)&oldid=1339085505
Mario Fabbrocino,Mario_Fabbrocino,https://en.wikipedia.org/w/index.php?title=Mario_Fabbrocino&oldid=1295485758
Martinez Familia Sangeros,Martinez_Familia_Sangeros,https://en.wikipedia.org/w/index.php?title=Martinez_Familia_Sangeros&oldid=1339085514
Matsuba-kai,Matsuba-kai,https://en.wikipedia.org/w/index.php?title=Matsuba-kai&oldid=1322588739
Mazzarella clan,Mazzarella_clan,https://en.wikipedia.org/w/index.php?title=Mazzarella_clan&oldid=1345461455
McCarthy-Dundon,McCarthy-Dundon,https://en.wikipedia.org/w/index.php?title=McCarthy-Dundon&oldid=1346387127
Medellín Cartel,Medellín_Cartel,https://en.wikipedia.org/w/index.php?title=Medellín_Cartel&oldid=1344181290
Menace of Destruction,Menace_of_Destruction,https://en.wikipedia.org/w/index.php?title=Menace_of_Destruction&oldid=1345384711
Messina Brothers,Messina_Brothers,https://en.wikipedia.org/w/index.php?title=Messina_Brothers&oldid=1344535260
Metz Gang,Metz_Gang,https://en.wikipedia.org/w/index.php?title=Metz_Gang&oldid=1339085590
Mexican Army,Mexican_Army,https://en.wikipedia.org/w/index.php?title=Mexican_Army&oldid=1344679403
Mexican Mafia,Mexican_Mafia,https://en.wikipedia.org/w/index.php?title=Mexican_Mafia&oldid=1329037829
Mexikanemi,Mexikanemi,https://en.wikipedia.org/w/index.php?title=Mexikanemi&oldid=1323573856
Miami Boys,Miami_Boys,https://en.wikipedia.org/w/index.php?title=Miami_Boys&oldid=1328956037
Mickey Cobras,Mickey_Cobras,https://en.wikipedia.org/w/index.php?title=Mickey_Cobras&oldid=1339085600
Mickey Cohen,Mickey_Cohen,https://en.wikipedia.org/w/index.php?title=Mickey_Cohen&oldid=1346338178
Milenio Cartel,Milenio_Cartel,https://en.wikipedia.org/w/index.php?title=Milenio_Cartel&oldid=1341401504
Milwaukee crime family,Milwaukee_crime_family,https://en.wikipedia.org/w/index.php?title=Milwaukee_crime_family&oldid=1334941817
Mob Piru,Mob_Piru,https://en.wikipedia.org/w/index.php?title=Mob_Piru&oldid=1337988054
Moccia clan,Moccia_clan,https://en.wikipedia.org/w/index.php?title=Moccia_clan&oldid=1339085640
Moe Dalitz,Moe_Dalitz,https://en.wikipedia.org/w/index.php?title=Moe_Dalitz&oldid=1346000671
Molluso 'ndrina,Molluso_'ndrina,https://en.wikipedia.org/w/index.php?title=Molluso_%27ndrina&oldid=1339085647
Money laundering,Money_laundering,https://en.wikipedia.org/w/index.php?title=Money_laundering&oldid=1344452058
Mongols MC criminal allegations and incidents,Mongols_MC_criminal_allegations_and_incidents,https://en.wikipedia.org/wiki/Mongols_MC_criminal_allegations_and_incidents
Mongols Motorcycle Club,Mongols_Motorcycle_Club,https://en.wikipedia.org/w/index.php?title=Mongols_Motorcycle_Club&oldid=1344087637
Montenegrin mafia,Montenegrin_mafia,https://en.wikipedia.org/w/index.php?title=Montenegrin_mafia&oldid=1339085669
Moran family,Moran_family,https://en.wikipedia.org/w/index.php?title=Moran_family&oldid=1298899572
Moroccan mafia,Moroccan_mafia,https://en.wikipedia.org/w/index.php?title=Moroccan_mafia&oldid=1344852337
Motisi Mafia clan,Motisi_Mafia_clan,https://en.wikipedia.org/w/index.php?title=Motisi_Mafia_clan&oldid=1339085695
Muerte a Secuestradores,Muerte_a_Secuestradores,https://en.wikipedia.org/w/index.php?title=Muerte_a_Secuestradores&oldid=1308710556
Mullen Gang,Mullen_Gang,https://en.wikipedia.org/w/index.php?title=Mullen_Gang&oldid=1335870225
Mungiki,Mungiki,https://en.wikipedia.org/w/index.php?title=Mungiki&oldid=1315926205
Murder of Rhys Jones,Murder_of_Rhys_Jones,https://en.wikipedia.org/w/index.php?title=Murder_of_Rhys_Jones&oldid=1346225418
Musitano crime family,Musitano_crime_family,https://en.wikipedia.org/w/index.php?title=Musitano_crime_family&oldid=1344460991
Myanmar conflict,Myanmar_conflict,https://en.wikipedia.org/w/index.php?title=Myanmar_conflict&oldid=1342523998
Nathan Kaplan,Nathan_Kaplan,https://en.wikipedia.org/w/index.php?title=Nathan_Kaplan&oldid=1303052635
National Liberation Army (Colombia),National_Liberation_Army_(Colombia),https://en.wikipedia.org/wiki/National_Liberation_Army_(Colombia)
Nazi Lowriders,Nazi_Lowriders,https://en.wikipedia.org/w/index.php?title=Nazi_Lowriders&oldid=1328954621
Neo Black Movement of Africa,Neo_Black_Movement_of_Africa,https://en.wikipedia.org/w/index.php?title=Neo_Black_Movement_of_Africa&oldid=1343351206
New Orleans crime family,New_Orleans_crime_family,https://en.wikipedia.org/w/index.php?title=New_Orleans_crime_family&oldid=1345597959
Newton Gang,Newton_Gang,https://en.wikipedia.org/w/index.php?title=Newton_Gang&oldid=1279192524
Nig Rosen,Nig_Rosen,https://en.wikipedia.org/w/index.php?title=Nig_Rosen&oldid=1305642239
Night Wolves,Night_Wolves,https://en.wikipedia.org/w/index.php?title=Night_Wolves&oldid=1331093331
Nik Radev,Nik_Radev,https://en.wikipedia.org/w/index.php?title=Nik_Radev&oldid=1306831975
Nine Trey Gangsters,Nine_Trey_Gangsters,https://en.wikipedia.org/w/index.php?title=Nine_Trey_Gangsters&oldid=1334408059
No Limit Soldiers (organized crime group),No_Limit_Soldiers_(organized_crime_group),https://en.wikipedia.org/wiki/No_Limit_Soldiers_(organized_crime_group)
No Surrender Motorcycle Club,No_Surrender_Motorcycle_Club,https://en.wikipedia.org/w/index.php?title=No_Surrender_Motorcycle_Club&oldid=1341703176
Norte del Valle Cartel,Norte_del_Valle_Cartel,https://en.wikipedia.org/w/index.php?title=Norte_del_Valle_Cartel&oldid=1342496275
Norteños,Norteños,https://en.wikipedia.org/w/index.php?title=Norteños&oldid=1346283839
North Preston's Finest,North_Preston's_Finest,https://en.wikipedia.org/w/index.php?title=North_Preston%27s_Finest&oldid=1320051116
Nuestra Familia,Nuestra_Familia,https://en.wikipedia.org/w/index.php?title=Nuestra_Familia&oldid=1342906595
Nueva Plaza Cartel,Nueva_Plaza_Cartel,https://en.wikipedia.org/w/index.php?title=Nueva_Plaza_Cartel&oldid=1339085860
Numbers Gang,Numbers_Gang,https://en.wikipedia.org/w/index.php?title=Numbers_Gang&oldid=1344971702
Nuova Camorra Organizzata,Nuova_Camorra_Organizzata,https://en.wikipedia.org/w/index.php?title=Nuova_Camorra_Organizzata&oldid=1339085879
Nuova Famiglia,Nuova_Famiglia,https://en.wikipedia.org/w/index.php?title=Nuova_Famiglia&oldid=1339085881
Nuova Mala del Brenta,Nuova_Mala_del_Brenta,https://en.wikipedia.org/w/index.php?title=Nuova_Mala_del_Brenta&oldid=1339085889
Nutty Blocc Compton Crips,Nutty_Blocc_Compton_Crips,https://en.wikipedia.org/w/index.php?title=Nutty_Blocc_Compton_Crips&oldid=1341247648
Nuvoletta clan,Nuvoletta_clan,https://en.wikipedia.org/w/index.php?title=Nuvoletta_clan&oldid=1339085898
Năm Cam,Năm_Cam,https://en.wikipedia.org/w/index.php?title=Năm_Cam&oldid=1345503439
OVS (gang),OVS_(gang),https://en.wikipedia.org/w/index.php?title=OVS_(gang)&oldid=1342297966
Oaxaca Cartel,Oaxaca_Cartel,https://en.wikipedia.org/w/index.php?title=Oaxaca_Cartel&oldid=1339085907
Oficina de Envigado,Oficina_de_Envigado,https://en.wikipedia.org/w/index.php?title=Oficina_de_Envigado&oldid=1339085917
Ollie Quinn,Ollie_Quinn,https://en.wikipedia.org/w/index.php?title=Ollie_Quinn&oldid=1327896463
On Leong Chinese Merchants Association,On_Leong_Chinese_Merchants_Association,https://en.wikipedia.org/wiki/On_Leong_Chinese_Merchants_Association
Orchard Park Trailblazers,Orchard_Park_Trailblazers,https://en.wikipedia.org/w/index.php?title=Orchard_Park_Trailblazers&oldid=1339085935
Orekhovskaya gang,Orekhovskaya_gang,https://en.wikipedia.org/w/index.php?title=Orekhovskaya_gang&oldid=1339085946
Organised crime in Australia,Organised_crime_in_Australia,https://en.wikipedia.org/w/index.php?title=Organised_crime_in_Australia&oldid=1342727310
Organised crime in India,Organised_crime_in_India,https://en.wikipedia.org/w/index.php?title=Organised_crime_in_India&oldid=1339085963
Organised crime in Nigeria,Organised_crime_in_Nigeria,https://en.wikipedia.org/w/index.php?title=Organised_crime_in_Nigeria&oldid=1339973705
Organised crime in Pakistan,Organised_crime_in_Pakistan,https://en.wikipedia.org/w/index.php?title=Organised_crime_in_Pakistan&oldid=1339085979
Organised crime in the Netherlands,Organised_crime_in_the_Netherlands,https://en.wikipedia.org/wiki/Organised_crime_in_the_Netherlands
Organizacion de Narcotraficantes Unidos,Organizacion_de_Narcotraficantes_Unidos,https://en.wikipedia.org/wiki/Organizacion_de_Narcotraficantes_Unidos
Organized crime,Organized_crime,https://en.wikipedia.org/w/index.php?title=Organized_crime&oldid=1343430059
Organized crime in France,Organized_crime_in_France,https://en.wikipedia.org/w/index.php?title=Organized_crime_in_France&oldid=1341114513
Organized crime in Italy,Organized_crime_in_Italy,https://en.wikipedia.org/w/index.php?title=Organized_crime_in_Italy&oldid=1341856248
Organized crime in North Macedonia,Organized_crime_in_North_Macedonia,https://en.wikipedia.org/wiki/Organized_crime_in_North_Macedonia
Original Red Devils Motorcycle Club,Original_Red_Devils_Motorcycle_Club,https://en.wikipedia.org/wiki/Original_Red_Devils_Motorcycle_Club
Outlaws MC criminal allegations and incidents,Outlaws_MC_criminal_allegations_and_incidents,https://en.wikipedia.org/wiki/Outlaws_MC_criminal_allegations_and_incidents
Outlaws Motorcycle Club,Outlaws_Motorcycle_Club,https://en.wikipedia.org/w/index.php?title=Outlaws_Motorcycle_Club&oldid=1334406868
Ozone Park Boys,Ozone_Park_Boys,https://en.wikipedia.org/w/index.php?title=Ozone_Park_Boys&oldid=1345579946
Pagan's Motorcycle Club,Pagan's_Motorcycle_Club,https://en.wikipedia.org/w/index.php?title=Pagan%27s_Motorcycle_Club&oldid=1337182537
Papalia 'ndrina,Papalia_'ndrina,https://en.wikipedia.org/w/index.php?title=Papalia_%27ndrina&oldid=1339086071
Papalia crime family,Papalia_crime_family,https://en.wikipedia.org/w/index.php?title=Papalia_crime_family&oldid=1317801381
Patriarca crime family,Patriarca_crime_family,https://en.wikipedia.org/w/index.php?title=Patriarca_crime_family&oldid=1344704726
Paul Carbone,Paul_Carbone,https://en.wikipedia.org/w/index.php?title=Paul_Carbone&oldid=1340990670
Paul Mondoloni,Paul_Mondoloni,https://en.wikipedia.org/w/index.php?title=Paul_Mondoloni&oldid=1050661696
Peaky Blinders,Peaky_Blinders,https://en.wikipedia.org/w/index.php?title=Peaky_Blinders&oldid=1345715198
Pelle 'ndrina,Pelle_'ndrina,https://en.wikipedia.org/w/index.php?title=Pelle_%27ndrina&oldid=1339086126
People Nation,People_Nation,https://en.wikipedia.org/w/index.php?title=People_Nation&oldid=1340305061
Petit Bar Gang,Petit_Bar_Gang,https://en.wikipedia.org/w/index.php?title=Petit_Bar_Gang&oldid=1339086166
Pettingill family,Pettingill_family,https://en.wikipedia.org/w/index.php?title=Pettingill_family&oldid=1310067179
Philadelphia Greek Mob,Philadelphia_Greek_Mob,https://en.wikipedia.org/w/index.php?title=Philadelphia_Greek_Mob&oldid=1334520642
Philadelphia crime family,Philadelphia_crime_family,https://en.wikipedia.org/w/index.php?title=Philadelphia_crime_family&oldid=1344075220
Ping On,Ping_On,https://en.wikipedia.org/w/index.php?title=Ping_On&oldid=1273538039
Pink Panthers,Pink_Panthers,https://en.wikipedia.org/w/index.php?title=Pink_Panthers&oldid=1340978109
Piracy in the Gulf of Guinea,Piracy_in_the_Gulf_of_Guinea,https://en.wikipedia.org/w/index.php?title=Piracy_in_the_Gulf_of_Guinea&oldid=1345390809
Piracy in the Strait of Malacca,Piracy_in_the_Strait_of_Malacca,https://en.wikipedia.org/w/index.php?title=Piracy_in_the_Strait_of_Malacca&oldid=1325716897
Piracy off the coast of Somalia,Piracy_off_the_coast_of_Somalia,https://en.wikipedia.org/w/index.php?title=Piracy_off_the_coast_of_Somalia&oldid=1345464428
Pirus,Pirus,https://en.wikipedia.org/w/index.php?title=Pirus&oldid=1344953760
Pittsburgh crime family,Pittsburgh_crime_family,https://en.wikipedia.org/w/index.php?title=Pittsburgh_crime_family&oldid=1338666177
Playboys (gang),Playboys_(gang),https://en.wikipedia.org/w/index.php?title=Playboys_(gang)&oldid=1346027417
Polish-American organized crime,Polish-American_organized_crime,https://en.wikipedia.org/w/index.php?title=Polish-American_organized_crime&oldid=1339086237
Polverino clan,Polverino_clan,https://en.wikipedia.org/w/index.php?title=Polverino_clan&oldid=1341280793
Popes (gang),Popes_(gang),https://en.wikipedia.org/w/index.php?title=Popes_(gang)&oldid=1344657368
Popeye Moto Club,Popeye_Moto_Club,https://en.wikipedia.org/w/index.php?title=Popeye_Moto_Club&oldid=1339935529
Popular Liberation Army,Popular_Liberation_Army,https://en.wikipedia.org/w/index.php?title=Popular_Liberation_Army&oldid=1344078114
Popular Mobilization Forces,Popular_Mobilization_Forces,https://en.wikipedia.org/w/index.php?title=Popular_Mobilization_Forces&oldid=1345232403
Preman (Indonesian gangster),Preman_(Indonesian_gangster),https://en.wikipedia.org/w/index.php?title=Preman_(Indonesian_gangster)&oldid=1345366816
Primeiro Comando da Capital,Primeiro_Comando_da_Capital,https://en.wikipedia.org/w/index.php?title=Primeiro_Comando_da_Capital&oldid=1343534649
Provisional Irish Republican Army,Provisional_Irish_Republican_Army,https://en.wikipedia.org/w/index.php?title=Provisional_Irish_Republican_Army&oldid=1343059290
Public Enemy No. 1 (gang),Public_Enemy_No._1_(gang),https://en.wikipedia.org/w/index.php?title=Public_Enemy_No._1_(gang)&oldid=1328954650
Puccio family,Puccio_family,https://en.wikipedia.org/w/index.php?title=Puccio_family&oldid=1342163508
Pueblos Unidos,Pueblos_Unidos,https://en.wikipedia.org/w/index.php?title=Pueblos_Unidos&oldid=1318116750
Puente 13,Puente_13,https://en.wikipedia.org/w/index.php?title=Puente_13&oldid=1342297969
Puro Tango Blast,Puro_Tango_Blast,https://en.wikipedia.org/w/index.php?title=Puro_Tango_Blast&oldid=1339086294
Purple Gang,Purple_Gang,https://en.wikipedia.org/w/index.php?title=Purple_Gang&oldid=1339086303
Quality Street Gang,Quality_Street_Gang,https://en.wikipedia.org/w/index.php?title=Quality_Street_Gang&oldid=1302479770
Quebec Biker War,Quebec_Biker_War,https://en.wikipedia.org/w/index.php?title=Quebec_Biker_War&oldid=1339848893
ROD Gang,ROD_Gang,https://en.wikipedia.org/w/index.php?title=ROD_Gang&oldid=1339086313
Ramacca Mafia family,Ramacca_Mafia_family,https://en.wikipedia.org/w/index.php?title=Ramacca_Mafia_family&oldid=1297058965
Rapid Support Forces,Rapid_Support_Forces,https://en.wikipedia.org/w/index.php?title=Rapid_Support_Forces&oldid=1345437992
Rathkeale Rovers,Rathkeale_Rovers,https://en.wikipedia.org/w/index.php?title=Rathkeale_Rovers&oldid=1301816369
Rebels Motorcycle Club,Rebels_Motorcycle_Club,https://en.wikipedia.org/w/index.php?title=Rebels_Motorcycle_Club&oldid=1322593951
Rebels Motorcycle Club (Canada),Rebels_Motorcycle_Club_(Canada),https://en.wikipedia.org/w/index.php?title=Rebels_Motorcycle_Club_(Canada)&oldid=1339086328
Red Army (football),Red_Army_(football),https://en.wikipedia.org/w/index.php?title=Red_Army_(football)&oldid=1323068021
Red Devils Motorcycle Club,Red_Devils_Motorcycle_Club,https://en.wikipedia.org/w/index.php?title=Red_Devils_Motorcycle_Club&oldid=1306932690
Red Scorpions,Red_Scorpions,https://en.wikipedia.org/w/index.php?title=Red_Scorpions&oldid=1344369184
Redd Alert,Redd_Alert,https://en.wikipedia.org/w/index.php?title=Redd_Alert&oldid=1343881223
Revolutionary Armed Forces of Colombia,Revolutionary_Armed_Forces_of_Colombia,https://en.wikipedia.org/wiki/Revolutionary_Armed_Forces_of_Colombia
Revolutionary Forces of the G9 Family and Allies,Revolutionary_Forces_of_the_G9_Family_and_Allies,https://en.wikipedia.org/wiki/Revolutionary_Forces_of_the_G9_Family_and_Allies
Richardson Gang,Richardson_Gang,https://en.wikipedia.org/w/index.php?title=Richardson_Gang&oldid=1339086367
Rinaldi clan,Rinaldi_clan,https://en.wikipedia.org/w/index.php?title=Rinaldi_clan&oldid=1339086372
Rizzuto crime family,Rizzuto_crime_family,https://en.wikipedia.org/w/index.php?title=Rizzuto_crime_family&oldid=1338582110
Rochester crime family,Rochester_crime_family,https://en.wikipedia.org/w/index.php?title=Rochester_crime_family&oldid=1322593077
Rock Machine Motorcycle Club,Rock_Machine_Motorcycle_Club,https://en.wikipedia.org/w/index.php?title=Rock_Machine_Motorcycle_Club&oldid=1343165753
Rockers Motor Club,Rockers_Motor_Club,https://en.wikipedia.org/w/index.php?title=Rockers_Motor_Club&oldid=1304771348
Rollin' 30s Harlem Crips,Rollin'_30s_Harlem_Crips,https://en.wikipedia.org/w/index.php?title=Rollin%27_30s_Harlem_Crips&oldid=1333481732
Rollin' 60s Neighborhood Crips,Rollin'_60s_Neighborhood_Crips,https://en.wikipedia.org/wiki/Rollin'_60s_Neighborhood_Crips
Rollin' 90s Neighborhood Crips,Rollin'_90s_Neighborhood_Crips,https://en.wikipedia.org/wiki/Rollin'_90s_Neighborhood_Crips
Romanian mafia,Romanian_mafia,https://en.wikipedia.org/w/index.php?title=Romanian_mafia&oldid=1345358053
Roy DeMeo,Roy_DeMeo,https://en.wikipedia.org/w/index.php?title=Roy_DeMeo&oldid=1346214518
Royal Canadian Mounted Police,Royal_Canadian_Mounted_Police,https://en.wikipedia.org/w/index.php?title=Royal_Canadian_Mounted_Police&oldid=1345583365
Rudaj Organization,Rudaj_Organization,https://en.wikipedia.org/w/index.php?title=Rudaj_Organization&oldid=1336995164
Russian mafia,Russian_mafia,https://en.wikipedia.org/w/index.php?title=Russian_mafia&oldid=1339086474
Rédoine Faïd,Rédoine_Faïd,https://en.wikipedia.org/w/index.php?title=Rédoine_Faïd&oldid=1344521916
Sacra Corona Unita,Sacra_Corona_Unita,https://en.wikipedia.org/w/index.php?title=Sacra_Corona_Unita&oldid=1342482988
Sadistic Souls Motorcycle Club,Sadistic_Souls_Motorcycle_Club,https://en.wikipedia.org/w/index.php?title=Sadistic_Souls_Motorcycle_Club&oldid=1309962107
Sam Gor,Sam_Gor,https://en.wikipedia.org/w/index.php?title=Sam_Gor&oldid=1306600078
San Francisco crime family,San_Francisco_crime_family,https://en.wikipedia.org/w/index.php?title=San_Francisco_crime_family&oldid=1336340656
San Jose crime family,San_Jose_crime_family,https://en.wikipedia.org/w/index.php?title=San_Jose_crime_family&oldid=1327662454
Santa Cruz Cartel,Santa_Cruz_Cartel,https://en.wikipedia.org/w/index.php?title=Santa_Cruz_Cartel&oldid=1339086515
Santa Monica 13,Santa_Monica_13,https://en.wikipedia.org/w/index.php?title=Santa_Monica_13&oldid=1342297971
Santa Rosa de Lima Cartel,Santa_Rosa_de_Lima_Cartel,https://en.wikipedia.org/w/index.php?title=Santa_Rosa_de_Lima_Cartel&oldid=1341565154
Sarasota Assassination Society,Sarasota_Assassination_Society,https://en.wikipedia.org/w/index.php?title=Sarasota_Assassination_Society&oldid=1334260794
Satan's Choice Motorcycle Club,Satan's_Choice_Motorcycle_Club,https://en.wikipedia.org/wiki/Satan's_Choice_Motorcycle_Club
Satanas (gang),Satanas_(gang),https://en.wikipedia.org/w/index.php?title=Satanas_(gang)&oldid=1318293175
Satudarah,Satudarah,https://en.wikipedia.org/w/index.php?title=Satudarah&oldid=1339086537
Savage Nomads,Savage_Nomads,https://en.wikipedia.org/w/index.php?title=Savage_Nomads&oldid=1298518382
Savage Skulls,Savage_Skulls,https://en.wikipedia.org/w/index.php?title=Savage_Skulls&oldid=1321889115
Scam center,Scam_center,https://en.wikipedia.org/w/index.php?title=Scam_center&oldid=1342724571
Scattered Spider,Scattered_Spider,https://en.wikipedia.org/w/index.php?title=Scattered_Spider&oldid=1345702220
Schuele Boys,Schuele_Boys,https://en.wikipedia.org/w/index.php?title=Schuele_Boys&oldid=1275345746
Scissionisti di Secondigliano,Scissionisti_di_Secondigliano,https://en.wikipedia.org/w/index.php?title=Scissionisti_di_Secondigliano&oldid=1339086547
Scuttlers,Scuttlers,https://en.wikipedia.org/w/index.php?title=Scuttlers&oldid=1281826719
Secondigliano Alliance,Secondigliano_Alliance,https://en.wikipedia.org/w/index.php?title=Secondigliano_Alliance&oldid=1339086563
Secret societies in Singapore,Secret_societies_in_Singapore,https://en.wikipedia.org/w/index.php?title=Secret_societies_in_Singapore&oldid=1325071799
Semion Mogilevich,Semion_Mogilevich,https://en.wikipedia.org/w/index.php?title=Semion_Mogilevich&oldid=1333859643
Serbian mafia,Serbian_mafia,https://en.wikipedia.org/w/index.php?title=Serbian_mafia&oldid=1341879275
Sergei Mikhailov (businessman),Sergei_Mikhailov_(businessman),https://en.wikipedia.org/w/index.php?title=Sergei_Mikhailov_(businessman)&oldid=1341129632
Sergi 'ndrina,Sergi_'ndrina,https://en.wikipedia.org/w/index.php?title=Sergi_%27ndrina&oldid=1339086616
Sex Money Murder,Sex_Money_Murder,https://en.wikipedia.org/w/index.php?title=Sex_Money_Murder&oldid=1343181656
ShadowCrew,ShadowCrew,https://en.wikipedia.org/w/index.php?title=ShadowCrew&oldid=1339413706
Shapiro Brothers,Shapiro_Brothers,https://en.wikipedia.org/w/index.php?title=Shapiro_Brothers&oldid=1309544775
Shell corporation,Shell_corporation,https://en.wikipedia.org/w/index.php?title=Shell_corporation&oldid=1331862022
Shining Path,Shining_Path,https://en.wikipedia.org/w/index.php?title=Shining_Path&oldid=1343801568
Shinwa-kai,Shinwa-kai,https://en.wikipedia.org/w/index.php?title=Shinwa-kai&oldid=1149700324
Shower Posse,Shower_Posse,https://en.wikipedia.org/w/index.php?title=Shower_Posse&oldid=1329338693
Shui Fong,Shui_Fong,https://en.wikipedia.org/w/index.php?title=Shui_Fong&oldid=1340564932
Sicilian Mafia,Sicilian_Mafia,https://en.wikipedia.org/w/index.php?title=Sicilian_Mafia&oldid=1343334461
Siderno Group,Siderno_Group,https://en.wikipedia.org/w/index.php?title=Siderno_Group&oldid=1320456720
Simon City Royals,Simon_City_Royals,https://en.wikipedia.org/w/index.php?title=Simon_City_Royals&oldid=1340625955
Sinaloa Cartel,Sinaloa_Cartel,https://en.wikipedia.org/w/index.php?title=Sinaloa_Cartel&oldid=1343923734
Sio Sam Ong,Sio_Sam_Ong,https://en.wikipedia.org/w/index.php?title=Sio_Sam_Ong&oldid=1320225195
Sixth Family,Sixth_Family,https://en.wikipedia.org/w/index.php?title=Sixth_Family&oldid=1269597099
Smuggling,Smuggling,https://en.wikipedia.org/w/index.php?title=Smuggling&oldid=1343090395
Snakehead (gang),Snakehead_(gang),https://en.wikipedia.org/w/index.php?title=Snakehead_(gang)&oldid=1339086712
Soai-kai,Soai-kai,https://en.wikipedia.org/w/index.php?title=Soai-kai&oldid=1286707309
Società foggiana,Società_foggiana,https://en.wikipedia.org/w/index.php?title=Società_foggiana&oldid=1326275309
Soldiers of Aryan Culture,Soldiers_of_Aryan_Culture,https://en.wikipedia.org/w/index.php?title=Soldiers_of_Aryan_Culture&oldid=1340760041
Solid Wood Soldiers,Solid_Wood_Soldiers,https://en.wikipedia.org/w/index.php?title=Solid_Wood_Soldiers&oldid=1304991940
Solntsevskaya Bratva,Solntsevskaya_Bratva,https://en.wikipedia.org/w/index.php?title=Solntsevskaya_Bratva&oldid=1339086732
Somali Outlaws,Somali_Outlaws,https://en.wikipedia.org/w/index.php?title=Somali_Outlaws&oldid=1322443874
Sonora Cartel,Sonora_Cartel,https://en.wikipedia.org/w/index.php?title=Sonora_Cartel&oldid=1339086744
Sons of Silence,Sons_of_Silence,https://en.wikipedia.org/w/index.php?title=Sons_of_Silence&oldid=1339086766
South Brooklyn Boys,South_Brooklyn_Boys,https://en.wikipedia.org/w/index.php?title=South_Brooklyn_Boys&oldid=1339086777
South Pacific Cartel,South_Pacific_Cartel,https://en.wikipedia.org/w/index.php?title=South_Pacific_Cartel&oldid=1339086786
South Side Compton Crips,South_Side_Compton_Crips,https://en.wikipedia.org/w/index.php?title=South_Side_Compton_Crips&oldid=1328991185
Spanish Cobras,Spanish_Cobras,https://en.wikipedia.org/w/index.php?title=Spanish_Cobras&oldid=1339086796
Spanish Gangster Disciples,Spanish_Gangster_Disciples,https://en.wikipedia.org/w/index.php?title=Spanish_Gangster_Disciples&oldid=1343765771
Spook Hunters,Spook_Hunters,https://en.wikipedia.org/w/index.php?title=Spook_Hunters&oldid=1331920266
St. Louis crime family,St._Louis_crime_family,https://en.wikipedia.org/w/index.php?title=St._Louis_crime_family&oldid=1346266963
State Line Mob,State_Line_Mob,https://en.wikipedia.org/w/index.php?title=State_Line_Mob&oldid=1133275361
Stefano Bontade,Stefano_Bontade,https://en.wikipedia.org/w/index.php?title=Stefano_Bontade&oldid=1344084332
Stidda,Stidda,https://en.wikipedia.org/w/index.php?title=Stidda&oldid=1339086825
Suey Sing Association,Suey_Sing_Association,https://en.wikipedia.org/w/index.php?title=Suey_Sing_Association&oldid=1299041372
Sumiyoshi-kai,Sumiyoshi-kai,https://en.wikipedia.org/w/index.php?title=Sumiyoshi-kai&oldid=1311524371
Sun Yee On,Sun_Yee_On,https://en.wikipedia.org/w/index.php?title=Sun_Yee_On&oldid=1340297851
Supreme Eiye Confraternity,Supreme_Eiye_Confraternity,https://en.wikipedia.org/w/index.php?title=Supreme_Eiye_Confraternity&oldid=1343351948
Supreme Team (gang),Supreme_Team_(gang),https://en.wikipedia.org/w/index.php?title=Supreme_Team_(gang)&oldid=1339086861
Sureños,Sureños,https://en.wikipedia.org/w/index.php?title=Sureños&oldid=1338828425
Tambovskaya Bratva,Tambovskaya_Bratva,https://en.wikipedia.org/w/index.php?title=Tambovskaya_Bratva&oldid=1339086896
Tanglewood Boys,Tanglewood_Boys,https://en.wikipedia.org/w/index.php?title=Tanglewood_Boys&oldid=1330047366
Tax haven,Tax_haven,https://en.wikipedia.org/w/index.php?title=Tax_haven&oldid=1332681636
Temple Street (gang),Temple_Street_(gang),https://en.wikipedia.org/w/index.php?title=Temple_Street_(gang)&oldid=1345761270
Terceiro Comando,Terceiro_Comando,https://en.wikipedia.org/w/index.php?title=Terceiro_Comando&oldid=1306511588
Terceiro Comando Puro,Terceiro_Comando_Puro,https://en.wikipedia.org/w/index.php?title=Terceiro_Comando_Puro&oldid=1320654535
Texas Syndicate,Texas_Syndicate,https://en.wikipedia.org/w/index.php?title=Texas_Syndicate&oldid=1328954742
Texis Cartel,Texis_Cartel,https://en.wikipedia.org/w/index.php?title=Texis_Cartel&oldid=1299631573
The Americans (gang),The_Americans_(gang),https://en.wikipedia.org/w/index.php?title=The_Americans_(gang)&oldid=1339506060
The Axe Gang,The_Axe_Gang,https://en.wikipedia.org/w/index.php?title=The_Axe_Gang&oldid=1342676684
The Carlton Crew,The_Carlton_Crew,https://en.wikipedia.org/w/index.php?title=The_Carlton_Crew&oldid=1339086935
The Commission (American Mafia),The_Commission_(American_Mafia),https://en.wikipedia.org/wiki/The_Commission_(American_Mafia)
The Company (Hawaiian organized crime),The_Company_(Hawaiian_organized_crime),https://en.wikipedia.org/wiki/The_Company_(Hawaiian_organized_crime)
The Council (drug syndicate),The_Council_(drug_syndicate),https://en.wikipedia.org/w/index.php?title=The_Council_(drug_syndicate)&oldid=1339086974
"The Covenant, the Sword, and the Arm of the Lord","The_Covenant,_the_Sword,_and_the_Arm_of_the_Lord","https://en.wikipedia.org/wiki/The_Covenant,_the_Sword,_and_the_Arm_of_the_Lord"
The Cross and the Switchblade,The_Cross_and_the_Switchblade,https://en.wikipedia.org/w/index.php?title=The_Cross_and_the_Switchblade&oldid=1342278672
The Extraditables,The_Extraditables,https://en.wikipedia.org/w/index.php?title=The_Extraditables&oldid=1341565625
The Family (American crime organization),The_Family_(American_crime_organization),https://en.wikipedia.org/wiki/The_Family_(American_crime_organization)
The Johnson Gang,The_Johnson_Gang,https://en.wikipedia.org/w/index.php?title=The_Johnson_Gang&oldid=1331021136
The Order (white supremacist group),The_Order_(white_supremacist_group),https://en.wikipedia.org/wiki/The_Order_(white_supremacist_group)
The Westies (Irish gang),The_Westies_(Irish_gang),https://en.wikipedia.org/w/index.php?title=The_Westies_(Irish_gang)&oldid=1343546127
Thief in law,Thief_in_law,https://en.wikipedia.org/w/index.php?title=Thief_in_law&oldid=1333588556
Thomas Cacciopoli,Thomas_Cacciopoli,https://en.wikipedia.org/w/index.php?title=Thomas_Cacciopoli&oldid=1345377037
Three Brotherhood Alliance,Three_Brotherhood_Alliance,https://en.wikipedia.org/w/index.php?title=Three_Brotherhood_Alliance&oldid=1343808796
Thuggee,Thuggee,https://en.wikipedia.org/w/index.php?title=Thuggee&oldid=1346356296
Tijuana Cartel,Tijuana_Cartel,https://en.wikipedia.org/w/index.php?title=Tijuana_Cartel&oldid=1342607553
Timber mafia,Timber_mafia,https://en.wikipedia.org/w/index.php?title=Timber_mafia&oldid=1241522008
Tiny Rascal Gang,Tiny_Rascal_Gang,https://en.wikipedia.org/w/index.php?title=Tiny_Rascal_Gang&oldid=1344150429
Toa-kai,Toa-kai,https://en.wikipedia.org/w/index.php?title=Toa-kai&oldid=1339087013
Tokuryū,Tokuryū,https://en.wikipedia.org/w/index.php?title=Tokuryū&oldid=1345460924
Tokyo Boyz,Tokyo_Boyz,https://en.wikipedia.org/w/index.php?title=Tokyo_Boyz&oldid=1339087025
Tommy Lucchese,Tommy_Lucchese,https://en.wikipedia.org/w/index.php?title=Tommy_Lucchese&oldid=1344780961
Tong (organization),Tong_(organization),https://en.wikipedia.org/w/index.php?title=Tong_(organization)&oldid=1334085284
Tongan Crip Gang,Tongan_Crip_Gang,https://en.wikipedia.org/w/index.php?title=Tongan_Crip_Gang&oldid=1343412371
Toonerville Rifa 13,Toonerville_Rifa_13,https://en.wikipedia.org/w/index.php?title=Toonerville_Rifa_13&oldid=1342297974
Trafficante crime family,Trafficante_crime_family,https://en.wikipedia.org/w/index.php?title=Trafficante_crime_family&oldid=1323987399
Tree Top Piru,Tree_Top_Piru,https://en.wikipedia.org/w/index.php?title=Tree_Top_Piru&oldid=1342220284
Tren de Aragua,Tren_de_Aragua,https://en.wikipedia.org/w/index.php?title=Tren_de_Aragua&oldid=1343305762
Tri-City Skins,Tri-City_Skins,https://en.wikipedia.org/w/index.php?title=Tri-City_Skins&oldid=1137128239
Triad (organised crime),Triad_(organised_crime),https://en.wikipedia.org/w/index.php?title=Triad_(organised_crime)&oldid=1344325426
Trimboli 'ndrina,Trimboli_'ndrina,https://en.wikipedia.org/w/index.php?title=Trimboli_%27ndrina&oldid=1339087089
Trinitarios,Trinitarios,https://en.wikipedia.org/w/index.php?title=Trinitarios&oldid=1334706414
Turkish mafia,Turkish_mafia,https://en.wikipedia.org/w/index.php?title=Turkish_mafia&oldid=1343123544
Ukrainian mafia,Ukrainian_mafia,https://en.wikipedia.org/w/index.php?title=Ukrainian_mafia&oldid=1344043738
Unione Corse,Unione_Corse,https://en.wikipedia.org/w/index.php?title=Unione_Corse&oldid=1344024427
United Blood Nation,United_Blood_Nation,https://en.wikipedia.org/w/index.php?title=United_Blood_Nation&oldid=1342781148
United Nations (gang),United_Nations_(gang),https://en.wikipedia.org/w/index.php?title=United_Nations_(gang)&oldid=1344054556
United Self-,United_Self-Defense_Forces_of_Colombia,https://en.wikipedia.org/w/index.php?title=United_Self-
United Wa State Army,United_Wa_State_Army,https://en.wikipedia.org/w/index.php?title=United_Wa_State_Army&oldid=1342142805
Universal Aryan Brotherhood,Universal_Aryan_Brotherhood,https://en.wikipedia.org/w/index.php?title=Universal_Aryan_Brotherhood&oldid=1322596041
VVT (gang),VVT_(gang),https://en.wikipedia.org/w/index.php?title=VVT_(gang)&oldid=1346244754
Vagos Motorcycle Club,Vagos_Motorcycle_Club,https://en.wikipedia.org/w/index.php?title=Vagos_Motorcycle_Club&oldid=1335452342
Varrio Nuevo Estrada,Varrio_Nuevo_Estrada,https://en.wikipedia.org/w/index.php?title=Varrio_Nuevo_Estrada&oldid=1342297975
Vatos Locos,Vatos_Locos,https://en.wikipedia.org/w/index.php?title=Vatos_Locos&oldid=1309577781
Velentzas Organization,Velentzas_Organization,https://en.wikipedia.org/w/index.php?title=Velentzas_Organization&oldid=1339087557
Venice 13,Venice_13,https://en.wikipedia.org/w/index.php?title=Venice_13&oldid=1342297976
Venice Shoreline Crips,Venice_Shoreline_Crips,https://en.wikipedia.org/w/index.php?title=Venice_Shoreline_Crips&oldid=1328955566
Vineland Boys,Vineland_Boys,https://en.wikipedia.org/w/index.php?title=Vineland_Boys&oldid=1342297977
Vladimir Kumarin,Vladimir_Kumarin,https://en.wikipedia.org/w/index.php?title=Vladimir_Kumarin&oldid=1308049550
Volksfront,Volksfront,https://en.wikipedia.org/w/index.php?title=Volksfront&oldid=1341255728
Vollaro clan,Vollaro_clan,https://en.wikipedia.org/w/index.php?title=Vollaro_clan&oldid=1339087578
Vyacheslav Ivankov,Vyacheslav_Ivankov,https://en.wikipedia.org/w/index.php?title=Vyacheslav_Ivankov&oldid=1331838683
Wagner Group,Wagner_Group,https://en.wikipedia.org/w/index.php?title=Wagner_Group&oldid=1343362331
Wah Ching,Wah_Ching,https://en.wikipedia.org/w/index.php?title=Wah_Ching&oldid=1341247734
Wah Kee,Wah_Kee,https://en.wikipedia.org/w/index.php?title=Wah_Kee&oldid=1339087596
Waray-Waray gangs,Waray-Waray_gangs,https://en.wikipedia.org/w/index.php?title=Waray-Waray_gangs&oldid=1345483892
Warlocks Motorcycle Club (Florida),Warlocks_Motorcycle_Club_(Florida),https://en.wikipedia.org/wiki/Warlocks_Motorcycle_Club_(Florida)
Warlocks Motorcycle Club (Pennsylvania),Warlocks_Motorcycle_Club_(Pennsylvania),https://en.wikipedia.org/wiki/Warlocks_Motorcycle_Club_(Pennsylvania)
West End Gang,West_End_Gang,https://en.wikipedia.org/w/index.php?title=West_End_Gang&oldid=1338935800
Westmob,Westmob,https://en.wikipedia.org/w/index.php?title=Westmob&oldid=1336338277
Westside Locos,Westside_Locos,https://en.wikipedia.org/w/index.php?title=Westside_Locos&oldid=1342297979
White Boy Posse,White_Boy_Posse,https://en.wikipedia.org/w/index.php?title=White_Boy_Posse&oldid=1342972037
White Fence,White_Fence,https://en.wikipedia.org/w/index.php?title=White_Fence&oldid=1342297980
White Tigers (gang),White_Tigers_(gang),https://en.wikipedia.org/w/index.php?title=White_Tigers_(gang)&oldid=1339087617
Whitney gang,Whitney_gang,https://en.wikipedia.org/w/index.php?title=Whitney_gang&oldid=1339087626
Winter Hill Gang,Winter_Hill_Gang,https://en.wikipedia.org/w/index.php?title=Winter_Hill_Gang&oldid=1344026855
Wo Hop To,Wo_Hop_To,https://en.wikipedia.org/w/index.php?title=Wo_Hop_To&oldid=1332471831
Wo Shing Wo,Wo_Shing_Wo,https://en.wikipedia.org/w/index.php?title=Wo_Shing_Wo&oldid=1339087675
Wolfpack Alliance,Wolfpack_Alliance,https://en.wikipedia.org/w/index.php?title=Wolfpack_Alliance&oldid=1339576987
X-Team,X-Team,https://en.wikipedia.org/w/index.php?title=X-Team&oldid=1336502600
Yakuza,Yakuza,https://en.wikipedia.org/w/index.php?title=Yakuza&oldid=1344324026
Yamaguchi-gumi,Yamaguchi-gumi,https://en.wikipedia.org/w/index.php?title=Yamaguchi-gumi&oldid=1341170793
Yardie,Yardie,https://en.wikipedia.org/w/index.php?title=Yardie&oldid=1329330615
Yiddish Black Hand,Yiddish_Black_Hand,https://en.wikipedia.org/w/index.php?title=Yiddish_Black_Hand&oldid=1323088076
Young Boys Inc.,Young_Boys_Inc.,https://en.wikipedia.org/w/index.php?title=Young_Boys_Inc.&oldid=1329788161
Young Lords,Young_Lords,https://en.wikipedia.org/w/index.php?title=Young_Lords&oldid=1344677583
Zakhariy Kalashov,Zakhariy_Kalashov,https://en.wikipedia.org/w/index.php?title=Zakhariy_Kalashov&oldid=1341334681
Zetas Vieja Escuela,Zetas_Vieja_Escuela,https://en.wikipedia.org/w/index.php?title=Zetas_Vieja_Escuela&oldid=1339087730
Zoe Pound,Zoe_Pound,https://en.wikipedia.org/w/index.php?title=Zoe_Pound&oldid=1344764277
Zwi Migdal,Zwi_Migdal,https://en.wikipedia.org/w/index.php?title=Zwi_Migdal&oldid=1325842194
Ñetas,Ñetas,https://en.wikipedia.org/w/index.php?title=Ñetas&oldid=1345267519
Đại Cathay,Đại_Cathay,https://en.wikipedia.org/w/index.php?title=Đại_Cathay&oldid=1337702587
